Transaction Statement for 8055022181,,,,,,,
Duration,"06 Sep, 2025 - 06 Sep, 2026",,,,,,
,,,,,,,
Date,Time,Transaction Details,Transaction ID,UTR,Transaction Type,Credit/debit instrument,Amount
"Sep 06, 2026",8:13 AM,Paid to IRCTC Ticketing,T2609060813542068749825,683560018506,DEBIT,Paid by XXXXX0083,5034.95
"Sep 06, 2026",8:02 AM,Received from Manoj Chandmal Kothari,T2609060802063331086563,624973780489,CREDIT,Credited to XXXXX0083,4000
"Sep 05, 2026",10:52 PM,Paid to RATNA NANDKISHOR SONI,T2609052252315462866329,103254552870,DEBIT,Paid by XXXXX0083,40
"Sep 05, 2026",4:10 PM,Paid to ANKUSH SANTOSH SOLANKE,T2609051609586161672678,971734465181,DEBIT,Paid by XXXXX0083,35
"Sep 05, 2026",12:27 PM,Paid to RAMESH PATEL,T2609051227250740456939,548392882597,DEBIT,Paid by XXXXX0083,37
"Sep 05, 2026",11:14 AM,Paid to IRCTC Ticketing,T2609051114336190072320,873099556998,DEBIT,Paid by XXXXX0083,832.7
"Sep 05, 2026",10:54 AM,Received from MANOJ CHANDMAL KOTHARI,T2609051054237241548860,624868807841,CREDIT,Credited to XXXXX0083,2000
"Sep 04, 2026",9:57 PM,Paid to Zepto,T2609042156596272112244,305894998975,DEBIT,Paid by XXXXX0083,225
"Sep 04, 2026",12:45 AM,Paid to Prasad Gaikwad,T2609040045196400911298,239006306261,DEBIT,Paid by XXXXX0083,127
"Sep 04, 2026",12:37 AM,Received from PRASAD POPAT GAIKWAD,T2609040037201505081798,624748464376,CREDIT,Credited to XXXXX0083,1154
"Sep 04, 2026",12:35 AM,Paid to ZOMATO LIMITED,T2609040035424183172632,29164366412,DEBIT,Paid by XXXXX0083,257.96
"Sep 03, 2026",9:56 PM,Paid to RAJIWADE  AVINASH  SHAMRAO,T2609032155578692744746,166249139661,DEBIT,Paid by XXXXX0083,601
"Sep 03, 2026",1:58 PM,Paid to Swami Snacks Center,T2609031358338081584880,105910698839,DEBIT,Paid by XXXXX0083,62
"Sep 03, 2026",12:53 PM,Paid to Manoj Chandmal Kothari,T2609031253368567944013,827416867325,DEBIT,Paid by XXXXX0083,9700
"Sep 03, 2026",9:49 AM,Received from Manoj Chandmal Kothari,T2609030949362335494328,624603070452,CREDIT,Credited to XXXXX0083,6000
"Sep 02, 2026",9:23 PM,Paid to IRCTC Ticketing,T2609022122562224845940,312317749965,DEBIT,Paid by XXXXX0083,664.5
"Sep 02, 2026",9:16 PM,Received from Mommy,T2609022116538906685004,341981832453,CREDIT,Credited to XXXXX0083,300
"Sep 02, 2026",9:01 PM,Paid to IRCTC Ticketing,T2609022101412144137619,764857793221,DEBIT,Paid by XXXXX0083,112.7
"Sep 02, 2026",8:54 PM,Paid to IRCTC Ticketing,T2609022054260048368044,754868294906,DEBIT,Paid by XXXXX0083,112.7
"Sep 02, 2026",8:39 PM,Paid to TIKONA DAIRY AND FARM,T2609022039139534971686,821699660552,DEBIT,Paid by XXXXX0083,60
"Sep 02, 2026",5:29 PM,Paid to BHOSALE AKSHAY JAYWANT,T2609021729125348215301,84231272258,DEBIT,Paid by XXXXX0083,240
"Sep 02, 2026",1:33 PM,Paid to Kothrud Petrol Circle,T2609021333335273869848,482282686341,DEBIT,Paid by XXXXX0083,150
"Sep 02, 2026",12:29 PM,Paid to Ajijurrahman,T2609021229002109707631,623499083388,DEBIT,Paid by XXXXX0083,30
"Sep 02, 2026",11:01 AM,Paid to IRCTC Ticketing,T2609021101540759637254,733887865126,DEBIT,Paid by XXXXX0083,4233.6
"Sep 02, 2026",10:55 AM,Received from Manoj Chandmal Kothari,T2609021055102638571536,624542099608,CREDIT,Credited to XXXXX0083,200
"Sep 02, 2026",10:50 AM,Received from Manoj Chandmal Kothari,T2609021050565373213509,624541837989,CREDIT,Credited to XXXXX0083,4000
"Aug 31, 2026",7:30 PM,Paid to IRCTC Ticketing,T2608311930050334506926,8883899658,DEBIT,Paid by XXXXX0083,714.5
"Aug 31, 2026",6:27 PM,Paid to Prasad Gaikwad,T2608311827098770994982,88459843123,DEBIT,Paid by XXXXX0083,50
"Aug 31, 2026",6:07 PM,Paid to Moraya Snacks Center ,T2608311807443829020099,748227170465,DEBIT,Paid by XXXXX0083,21
"Aug 31, 2026",8:36 AM,Received from Mommy,T2608310836480633629590,633097728026,CREDIT,Credited to XXXXX0083,500
"Aug 30, 2026",6:16 PM,Paid to RATNA NANDKISHOR SONI,T2608301816286954005210,910160091363,DEBIT,Paid by XXXXX0083,30
"Aug 30, 2026",12:29 PM,Paid to IRCTC Ticketing,T2608301229235526979482,133624264507,DEBIT,Paid by XXXXX0083,2024.5
"Aug 28, 2026",10:54 PM,Received from Dhananjay Kapgate,T2608282254010140003131,260002808414,CREDIT,Credited to XXXXX0083,410
"Aug 28, 2026",8:56 PM,Paid to IRCTC Ticketing,T2608282055566917273994,849380907421,DEBIT,Paid by XXXXX0083,2844.5
"Aug 28, 2026",8:55 PM,Received from Manoj Chandmal Kothari,T2608282055302242891564,624091631646,CREDIT,Credited to XXXXX0083,2850
"Aug 28, 2026",12:00 PM,Paid to Rushikesh FC,T2608281159556563117907,617943593227,DEBIT,Paid by XXXXX0083,15000
"Aug 28, 2026",11:55 AM,Received from Cashfree Payments,T2608281155212713224775,401046662406,CREDIT,Credited to XXXXX0083,15000
"Aug 28, 2026",11:06 AM,Paid to PUNERI CHAHA ,T2608281106365824318540,185581037085,DEBIT,Paid by XXXXX0083,100
"Aug 27, 2026",9:03 PM,Paid to Royal Shawarma ,T2608272103026234131289,464110702832,DEBIT,Paid by XXXXX0083,100
"Aug 27, 2026",9:00 PM,Paid to YASH ANIL KATE,T2608272100477925891374,320932122138,DEBIT,Paid by XXXXX0083,35
"Aug 27, 2026",4:55 PM,Paid to Prasad Gaikwad,T2608271655333448403664,874136302726,DEBIT,Paid by XXXXX0083,100
"Aug 27, 2026",3:33 PM,Received from P  Harikrishnan,T2608271533006586122303,623906117828,CREDIT,Credited to XXXXX0083,410
"Aug 27, 2026",2:24 PM,Paid to Moraya Snacks Center ,T2608271424005650686261,226927819730,DEBIT,Paid by XXXXX0083,21
"Aug 27, 2026",2:17 PM,Paid to Shivam snaks,T2608271417336556940895,373472981259,DEBIT,Paid by XXXXX0083,50
"Aug 27, 2026",11:02 AM,Paid to IRCTC Ticketing,T2608271102107487190194,717715558974,DEBIT,Paid by XXXXX0083,107.25
"Aug 26, 2026",10:14 PM,Paid to GANESH ENTERPRISES,T2608262214184712054076,922502794361,DEBIT,Paid by XXXXX0083,45
"Aug 26, 2026",1:02 PM,Received from CHAUDHARI BHAVESH JAYWANTRAO,T2608261302345686010767,128526946735,CREDIT,Credited to XXXXX0083,490
"Aug 26, 2026",12:47 PM,Paid to Moraya Snacks Center ,T2608261247005738409551,468452097746,DEBIT,Paid by XXXXX0083,14
"Aug 26, 2026",12:46 PM,Received from Mommy,T2608261246565839857852,56513238507,CREDIT,Credited to XXXXX0083,600
"Aug 26, 2026",12:41 PM,Paid to Swami Snacks Center,T2608261241004966689710,432359977193,DEBIT,Paid by XXXXX0083,62
"Aug 26, 2026",10:02 AM,Paid to IRCTC Ticketing,T2608261002002738056698,406092864060,DEBIT,Paid by XXXXX0083,564.05
"Aug 25, 2026",11:17 PM,Paid to GANESH ENTERPRISES,T2608252317294928282570,633099074889,DEBIT,Paid by XXXXX0083,120
"Aug 25, 2026",5:07 PM,Received from CHAUDHARI BHAVESH JAYWANTRAO,T2608251707117995982641,128486733311,CREDIT,Credited to XXXXX0083,120
"Aug 25, 2026",5:02 PM,Paid to LASSI WASSI,T2608251702276082299573,378385234281,DEBIT,Paid by XXXXX0083,240
"Aug 25, 2026",7:50 AM,Paid to TIKONA DAIRY AND FARM,T2608250750431591711958,250567955531,DEBIT,Paid by XXXXX0083,4
"Aug 25, 2026",7:49 AM,Paid to Moraya Snacks Center ,T2608250749049257224015,902526154401,DEBIT,Paid by XXXXX0083,21
"Aug 25, 2026",7:37 AM,Paid to HDFC ATM,T2608250737045873557745,843837888366,DEBIT,Paid by XXXXX0083,600
"Aug 23, 2026",10:01 PM,Paid to IRCTC Ticketing,T2608232201509581124148,868412637983,DEBIT,Paid by XXXXX0083,242.7
"Aug 23, 2026",10:01 PM,Received from Manoj Chandmal Kothari,T2608232201350222813927,623598919630,CREDIT,Credited to XXXXX0083,250
"Aug 22, 2026",8:17 PM,Received from KSHITIJ MALL,T2608222017274419511415,313028128882,CREDIT,Credited to XXXXX0083,90
"Aug 22, 2026",1:15 PM,Paid to Xshitij Mall,T2608221315316151611976,437076960189,DEBIT,Paid by XXXXX0083,1000
"Aug 22, 2026",12:59 PM,Received from Prasad Gaikwad mummy,T2608221259388753084680,571830081414,CREDIT,Credited to XXXXX0083,1000
"Aug 22, 2026",11:32 AM,Paid to IRCTC Ticketing,T2608221132529179328261,242015534232,DEBIT,Paid by XXXXX0083,2204.5
"Aug 22, 2026",11:32 AM,Received from Manoj Chandmal Kothari,T2608221132352420630763,623402931366,CREDIT,Credited to XXXXX0083,2250
"Aug 22, 2026",8:27 AM,Paid to Moraya Snacks Center ,T2608220827233364439159,430007141678,DEBIT,Paid by XXXXX0083,21
"Aug 21, 2026",10:14 PM,Paid to Zomato Media Private Limited,T2608212214164062184276,257329483455,DEBIT,Paid by XXXXX0083,101.58
"Aug 20, 2026",4:10 PM,Paid to Basamma Basavraj Pagad,T2608201610554851112161,200210710575,DEBIT,Paid by XXXXX0083,70
"Aug 19, 2026",8:14 PM,Paid to ZOMATO,T2608192014318399383199,342325549921,DEBIT,Paid by XXXXX0083,96
"Aug 19, 2026",1:28 PM,Paid to Prasad Gaikwad,T2608191328127496046966,229227450435,DEBIT,Paid by XXXXX0083,100
"Aug 19, 2026",1:21 PM,Paid to Rohit Bhalerao KOTHRUD PETROL CIRCLE,T2608191321416546097247,692520671722,DEBIT,Paid by XXXXX0083,110
"Aug 19, 2026",11:41 AM,Paid to Xshitij Mall,T2608191141295824503673,214147045768,DEBIT,Paid by XXXXX0083,99
"Aug 19, 2026",8:21 AM,Paid to Moraya Snacks Center ,T2608190821415681020630,459369903611,DEBIT,Paid by XXXXX0083,5
"Aug 19, 2026",8:21 AM,Paid to Moraya Snacks Center ,T2608190821124000219176,268175550655,DEBIT,Paid by XXXXX0083,51
"Aug 18, 2026",8:48 PM,Paid to Moraya Snacks Center ,T2608182048036719926618,740315810376,DEBIT,Paid by XXXXX0083,60
"Aug 18, 2026",8:23 PM,Paid to Angara biryani ,T2608182023468849506775,254494919569,DEBIT,Paid by XXXXX0083,130
"Aug 18, 2026",3:07 PM,Paid to DALA RAM GHANCHI SO BHANWAR LAL GHANCHI,T2608181506569911245549,727399537235,DEBIT,Paid by XXXXX0083,20
"Aug 18, 2026",3:03 PM,Paid to Swami Snacks Center,T2608181503193868312429,451347271438,DEBIT,Paid by XXXXX0083,70
"Aug 18, 2026",10:09 AM,Paid to Sunita Patil KOTHRUD PETROL CIRCLE,T2608181008579900237242,692955421009,DEBIT,Paid by XXXXX0083,70
"Aug 17, 2026",7:20 PM,Paid to Bhavesh Chaudhari,T2608171919579602126199,164238889406,DEBIT,Paid by XXXXX0083,360
"Aug 17, 2026",6:00 PM,Paid to Moraya Snacks Center ,T2608171800321946320368,998958317462,DEBIT,Paid by XXXXX0083,30
"Aug 17, 2026",11:07 AM,Paid to Moraya Snacks Center ,T2608171107033541155837,748766016786,DEBIT,Paid by XXXXX0083,60
"Aug 17, 2026",11:06 AM,Paid to Mohd Ayan Ansari,T2608171106453643081464,552042546408,DEBIT,Paid by XXXXX0083,80
"Aug 16, 2026",10:16 AM,Paid to Moraya Snacks Center ,T2608161016374335904038,19640759584,DEBIT,Paid by XXXXX0083,60
"Aug 16, 2026",8:37 AM,Paid to TIKONA DAIRY AND FARM,T2608160837313774052515,386989987522,DEBIT,Paid by XXXXX0083,30
"Aug 16, 2026",8:18 AM,Paid to HDFC ATM,T2608160818425004210469,203517191338,DEBIT,Paid by XXXXX0083,300
"Aug 15, 2026",5:27 PM,Paid to SWIGGY INSTAMART PRIVATE LIMITED,T2608151727014667047506,815184190298,DEBIT,Paid by XXXXXXXXXX1320,2
"Aug 15, 2026",10:30 AM,Paid to Moraya Snacks Center ,T2608151030528835158720,899960826104,DEBIT,Paid by XXXXX0083,70
"Aug 15, 2026",10:18 AM,Paid to Mommy,T2608151018316932804243,166598096762,DEBIT,Paid by XXXXX0083,120
"Aug 14, 2026",8:51 PM,Received from MANOJ CHANDMAL KOTHARI,T2608142051528215957800,127922354240,CREDIT,Credited to XXXXX0083,120
"Aug 14, 2026",8:40 PM,Paid to Jay bhavani chicken & eggs,T2608142040141936318751,542597306140,DEBIT,Paid by XXXXX0083,100
"Aug 14, 2026",3:47 PM,Paid to Mohd Ayan Ansari,T2608141547012913891315,132089588427,DEBIT,Paid by XXXXX0083,60
"Aug 14, 2026",3:46 PM,Paid to Moraya Snacks Center ,T2608141546110579574266,358061983613,DEBIT,Paid by XXXXX0083,60
"Aug 14, 2026",3:39 PM,Paid to ASHWAJIT DEVENDRA  UBALE,T2608141539250235062025,863999393144,DEBIT,Paid by XXXXX0083,150
"Aug 14, 2026",3:18 PM,Received from Mommy,T2608141518131637047371,93502195570,CREDIT,Credited to XXXXX0083,73
"Aug 14, 2026",1:46 AM,Paid to Vijay Kumbare,T2608140146522082768591,495241188560,DEBIT,Paid by XXXXX0083,8500
"Aug 14, 2026",1:46 AM,Received from KSHITIJ MALL,T2608140146391927047153,312410949326,CREDIT,Credited to XXXXX0083,690
"Aug 14, 2026",1:46 AM,Received from PRASAD POPAT GAIKWAD,T2608140146004106070167,622636922693,CREDIT,Credited to XXXXX0083,1500
"Aug 13, 2026",9:06 PM,Paid to SIMPLY SOUTH,T2608132106178571254447,800442579488,DEBIT,Paid by XXXXX0083,107
"Aug 13, 2026",9:50 AM,Received from SACHIN  KOUL,T2608130950402207603299,622569005638,CREDIT,Credited to XXXXX0083,640
"Aug 13, 2026",8:33 AM,Paid to Subhash Bhau Pasalakar,T2608130833529695722844,893881995210,DEBIT,Paid by XXXXX0083,40
"Aug 13, 2026",1:57 AM,Paid to Pine Labs Limited,T2608130157152164233346,283450298298,DEBIT,Paid by XXXXX0083,200
"Aug 12, 2026",4:36 PM,Received from Mommy,T2608121636064068028776,716608964946,CREDIT,Credited to XXXXX0083,7000
"Aug 12, 2026",2:09 PM,Paid to PUNE METRO CCA DR WA,T2608121409341763170881,587878672679,DEBIT,Paid by XXXXXXXXXX1320,27
"Aug 12, 2026",11:32 AM,Received from DREAMPLUG TECHNOLOGIES PRIVATE LIMI,T2608121132081034321345,622421046455,CREDIT,Credited to XXXXXXXXXX1320,10000
"Aug 12, 2026",9:23 AM,Received from DREAMPLUG TECHNOLOGIES PRIVATE LIMI,T2608120923238915325355,622423019642,CREDIT,Credited to XXXXXXXXXX1320,10000
"Aug 12, 2026",9:10 AM,Electricity bill paid 160268640166,NB26081209095751802406112,844432661461,DEBIT,Paid by XXXXX0083,393
"Aug 10, 2026",12:01 AM,Received from KSHITIJ MALL,T2608100001250569976718,312131446100,CREDIT,Credited to XXXXX0083,2908
"Aug 09, 2026",8:40 PM,Mobile recharged 8668854098,NB26080920400900949541002,806472855348,DEBIT,Paid by XXXXXXXXXX1320,19
"Aug 09, 2026",12:05 PM,Paid to BP Petrol Pump - Shree Samarth Petroleum,T2608091205214681884213,85508253217,DEBIT,Paid by XXXXXXXXXX1320,30
"Aug 09, 2026",8:54 AM,Paid to Indian Railways,T2608090854213957394162,738040036889,DEBIT,Paid by XXXXXXXXXX1320,312.7
"Aug 09, 2026",8:50 AM,Paid to Indian Railways,T2608090850505861430547,695767062508,DEBIT,Paid by XXXXXXXXXX1320,412.7
"Aug 09, 2026",8:50 AM,Received from Manoj Chandmal Kothari,T2608090850179664937599,622163761930,CREDIT,Credited to XXXXXXXXXX1320,600
"Aug 09, 2026",12:27 AM,Paid to IRCTC Ticketing,T2608090027403815671413,7071420761,DEBIT,Paid by XXXXXXXXXX1320,372.7
"Aug 08, 2026",11:36 PM,Paid to IRCTC Ticketing,T2608082336255428082740,259951476698,DEBIT,Paid by XXXXXXXXXX1320,372.7
"Aug 08, 2026",11:35 PM,Received from Manoj Chandmal Kothari,T2608082335068350994218,622058545245,CREDIT,Credited to XXXXXXXXXX1320,1000
"Aug 08, 2026",10:16 PM,Mobile recharged 8055022181,NB26080822162903933524182,973934615215,DEBIT,Paid by XXXXXXXXXX1320,39
"Aug 06, 2026",1:16 PM,Received from Manoj Chandmal Kothari,T2608061316553669692889,621806743222,CREDIT,Credited to XXXXX0083,450
"Aug 06, 2026",1:14 PM,Received from Nikhil Vinchurkar,T2608061314490841888334,44382465510,CREDIT,Credited to XXXXX0083,40
"Aug 05, 2026",12:28 PM,Paid to ekart,T2608051228323130242633,880660480107,DEBIT,Paid by XXXXX0083,431
"Aug 05, 2026",8:09 AM,Received from Mommy,T2608050809343400265454,907095323888,CREDIT,Credited to XXXXX0083,420
"Aug 04, 2026",3:17 PM,Paid to SWIGGY,T2608041517031001892826,922964304409,DEBIT,Paid by XXXXX0083,1
"Aug 04, 2026",2:59 PM,Paid to Swiggy Ltd,T2608041459027171880018,120574749889,DEBIT,Paid by XXXXX0083,1
"Aug 03, 2026",10:41 AM,Mobile recharged 8055022181,NB26080310410974145929752,907453667093,DEBIT,Paid by XXXXX0083,39
"Aug 02, 2026",4:02 PM,Received from PRASAD POPAT GAIKWAD,T2608021602000672683203,127254274640,CREDIT,Credited to XXXXX0083,300
"Jul 31, 2026",7:25 PM,Paid to Prasad Gaikwad,T2607311925354299124999,473822895965,DEBIT,Paid by XXXXX0083,200
"Jul 31, 2026",5:50 PM,Paid to IRCTC Ticketing,T2607311749482584094738,723615304375,DEBIT,Paid by XXXXX0083,122.25
"Jul 31, 2026",5:48 PM,Received from Manoj Chandmal Kothari,T2607311748526508865919,621267787397,CREDIT,Credited to XXXXXXXXXX1320,100
"Jul 30, 2026",11:45 AM,Paid to Sanjari Kirana And General Store,T2607301145017083476701,791852903436,DEBIT,Paid by XXXXX0083,39
"Jul 28, 2026",5:53 PM,Received from MANOJ CHANDMAL KOTHARI,T2607281753228754924221,657501802354,CREDIT,Credited to XXXXXXXXXX1320,300
"Jul 28, 2026",5:51 PM,Received from Mommy,T2607281751257692995106,62818817330,CREDIT,Credited to XXXXX0083,200
"Jul 27, 2026",1:58 PM,Paid to Sangharsh Tea Stall,T2607271357556362734196,122949205309,DEBIT,Paid by XXXXX0083,15
"Jul 26, 2026",11:02 AM,Paid to IRCTC Ticketing,T2607261102136735589497,294850651612,DEBIT,Paid by XXXXX0083,117.25
"Jul 25, 2026",1:34 PM,Paid to Prasad Gaikwad,T2607251334070162098089,441920268764,DEBIT,Paid by XXXXX0083,100
"Jul 25, 2026",12:49 PM,Paid to Jairunnisa kirana stores ,T2607251249333303711219,665484504438,DEBIT,Paid by XXXXX0083,100
"Jul 25, 2026",9:15 AM,Received from Krishna Ahire,T2607250915553675459653,971681752447,CREDIT,Credited to XXXXX0083,100
"Jul 24, 2026",11:16 AM,Received from DREAMPLUG TECHNOLOGIES PRIVATE LIMI,T2607241116227541439856,620521025648,CREDIT,Credited to XXXXXXXXXX1320,10000
"Jul 22, 2026",9:53 AM,Received from DREAMPLUG TECHNOLOGIES PRIVATE LIMI,T2607220953326042534537,620323014866,CREDIT,Credited to XXXXXXXXXX1320,15000
"Jul 21, 2026",9:06 PM,Received from Patil Doctor,T2607212106246237271410,251302272604,CREDIT,Credited to XXXXX0083,150
"Jul 21, 2026",7:33 PM,Paid to Indian Railways,T2607211933138955837424,724715139310,DEBIT,Paid by XXXXXXXXXX1320,267.25
"Jul 21, 2026",7:29 PM,Paid to Indian Railways,T2607211929374222509017,851776164266,DEBIT,Paid by XXXXXXXXXX1320,297.25
"Jul 21, 2026",7:12 PM,Received from Narendra Palve,T2607211912274047234814,388677302170,CREDIT,Credited to XXXXXXXXXX1320,630
"Jul 20, 2026",11:18 PM,Received from Nikhil Vinchurkar,T2607202318072846565454,920305137202,CREDIT,Credited to XXXXX0083,120
"Jul 17, 2026",7:55 AM,Received from Mommy,T2607170755024129216595,507910296555,CREDIT,Credited to XXXXX0083,4000
"Jul 16, 2026",8:18 PM,Paid to SHREE DUTT PETROLEUM,T2607162018382305353515,412946963701,DEBIT,Paid by XXXXX0083,150
"Jul 16, 2026",3:19 PM,Paid to DINESH ASHOK GEECH,T2607161519273993914153,472202679852,DEBIT,Paid by XXXXXXXXXX1320,100
"Jul 16, 2026",2:43 PM,Received from ******9783,T2607161443261482255950,897095471075,CREDIT,Credited to XXXXXXXXXX1320,100
"Jul 16, 2026",1:32 PM,Received from DREAMPLUG TECHNOLOGIES PRIVATE LIMI,T2607161332519659350070,619721028882,CREDIT,Credited to XXXXXXXXXX1320,25000
"Jul 16, 2026",10:05 AM,Received from ADITYA SANJAY DHENGLE,T2607161005075170431099,619773020761,CREDIT,Credited to XXXXXXXXXX1320,100
"Jul 15, 2026",10:23 PM,Transfer to XXXXX0083,T2607152223442379969666,4378564511,DEBIT,Paid by XXXXXXXXXX1320,100
"Jul 15, 2026",10:11 PM,Received from TOP GOLD BEVERAGES,T2607152211408121461361,326663428932,CREDIT,Credited to XXXXXXXXXX1320,40
"Jul 15, 2026",9:17 PM,Received from Swapnil palde,T2607152117067397358520,869531747640,CREDIT,Credited to XXXXXXXXXX1320,50
"Jul 15, 2026",8:10 PM,Transfer to XXXXX0083,T2607152010039788459057,148294736102,DEBIT,Paid by XXXXXXXXXX1320,100
"Jul 15, 2026",6:06 PM,Received from MANOJ CHANDMAL KOTHARI,T2607151806496846604392,656211155041,CREDIT,Credited to XXXXXXXXXX1320,100
"Jul 13, 2026",10:40 PM,Electricity bill paid 049084162484,NX26071322403430141494861,74759076901,DEBIT,Paid by XXXXXXXXXX1320,2393
"Jul 13, 2026",10:40 PM,Received from MANOJ CHANDMAL KOTHARI,T2607132240419429388873,126249568240,CREDIT,Credited to XXXXXXXXXX1320,2393
"Jul 13, 2026",8:11 PM,Received from DREAMPLUG TECHNOLOGIES PRIVATE LIMI,T2607132011580883209884,619422105858,CREDIT,Credited to XXXXXXXXXX1320,10000
"Jul 13, 2026",5:33 PM,Received from Jitendra Mankar Sir GYM,T2607131733102231502636,848877318035,CREDIT,Credited to XXXXX0083,600
"Jul 13, 2026",5:24 PM,Paid to IRCTC Ticketing,T2607131724167779230090,349453956535,DEBIT,Paid by XXXXX0083,267.25
"Jul 13, 2026",5:21 PM,Paid to IRCTC Ticketing,T2607131721279099617901,725601442620,DEBIT,Paid by XXXXX0083,297.25
"Jul 12, 2026",10:07 PM,Received from Manoj Chandmal Kothari,T2607122207121728714426,619338974675,CREDIT,Credited to XXXXX0083,800
"Jul 12, 2026",11:02 AM,Paid to IRCTC Ticketing,T2607121102235378249161,224885009628,DEBIT,Paid by XXXXX0083,132.25
"Jul 11, 2026",1:25 PM,Paid to Vijay Kumbare,T2607111325027260493058,289705358458,DEBIT,Paid by XXXXX0083,8500
"Jul 11, 2026",1:21 PM,Received from PRASAD POPAT GAIKWAD,T2607111321423378530770,310178112452,CREDIT,Credited to XXXXX0083,4250
"Jul 11, 2026",1:21 PM,Received from SHEETAL  MALL MINOR,T2607111321398170176507,619233496535,CREDIT,Credited to XXXXX0083,4250
"Jul 11, 2026",12:13 PM,Paid to SHREE HARI MYSORE DOSA CENTRE ,T2607111213167248493362,342513068688,DEBIT,Paid by XXXXX0083,220
"Jul 11, 2026",12:01 PM,Received from Mommy,T2607111201037174892469,791626244352,CREDIT,Credited to XXXXX0083,200
"Jul 11, 2026",9:32 AM,Received from Mommy,T2607110932252989488408,155186916465,CREDIT,Credited to XXXXX0083,100
"Jul 09, 2026",7:19 PM,Received from Manoj Chandmal Kothari,T2607091919174444564711,619030096864,CREDIT,Credited to XXXXX0083,200
"Jul 09, 2026",8:26 AM,Received from Ashwajit Devendra Ubale,T2607090826250701635784,619097992064,CREDIT,Credited to XXXXX0083,150
"Jul 08, 2026",5:28 PM,Paid to Devidas Popatrao Dinde,T2607081728184474876842,269370683864,DEBIT,Paid by XXXXX0083,30
"Jul 07, 2026",8:41 PM,Paid to DINESH ASHOK GEECH,T2607072041479333245752,565920742818,DEBIT,Paid by XXXXXXXXXX1320,150
"Jul 07, 2026",8:17 PM,Paid to Jairunnisa kirana stores ,T2607072017262331639896,536481951184,DEBIT,Paid by XXXXXXXXXX1320,110
"Jul 07, 2026",7:23 PM,Received from ******6454,T2607071923415414652714,825757779333,CREDIT,Credited to XXXXXXXXXX1320,200
"Jul 07, 2026",5:17 PM,Received from ******2469,T2607071717095060362342,399144938235,CREDIT,Credited to XXXXXXXXXX1320,250
"Jul 07, 2026",4:41 PM,Received from ******5003,T2607071641239786713180,189692955903,CREDIT,Credited to XXXXXXXXXX1320,100
"Jul 07, 2026",10:02 AM,Paid to DINESH ASHOK GEECH,T2607071002369396778000,242585315735,DEBIT,Paid by XXXXXXXXXX1320,100
"Jul 07, 2026",9:53 AM,Received from ROSHAN GOPAL JADHAV,T2607070953592947566601,110169133337,CREDIT,Credited to XXXXXXXXXX1320,100
"Jul 07, 2026",9:36 AM,Paid to Arihant Kirana Stores,T2607070936479986475672,272289824940,DEBIT,Paid by XXXXX0083,48
"Jul 06, 2026",10:02 PM,Mobile recharged 8668854098,NX26070622021473014766501,586753250165,DEBIT,Paid by XXXXXXXXXX1320,19
"Jul 06, 2026",9:03 PM,Paid to DINESH ASHOK GEECH,T2607062103097124059517,944363957608,DEBIT,Paid by XXXXXXXXXX1320,150
"Jul 06, 2026",9:01 PM,Received from ******2469,T2607062101401707993114,485360316385,CREDIT,Credited to XXXXXXXXXX1320,200
"Jul 06, 2026",8:47 AM,Received from Abhishek Anil Ghadge,T2607060847085787774123,655393041495,CREDIT,Credited to XXXXXXXXXX1320,100
"Jul 05, 2026",8:21 PM,Paid to Jairunnisa kirana stores ,T2607052021190001261771,2959705226,DEBIT,Paid by XXXXXXXXXX1320,10
"Jul 05, 2026",8:20 PM,Paid to Jairunnisa kirana stores ,T2607052020460383312860,312090978011,DEBIT,Paid by XXXXXXXXXX1320,100
"Jul 05, 2026",6:44 PM,Paid to DINESH ASHOK GEECH,T2607051844409659608657,770522235406,DEBIT,Paid by XXXXXXXXXX1320,150
"Jul 05, 2026",1:30 PM,Paid to NILESH SHANKAR POTE,T2607051330296124676430,303619644787,DEBIT,Paid by XXXXXXXXXX1320,75
"Jul 05, 2026",1:29 PM,Paid to DINESH ASHOK GEECH,T2607051329282051108601,380881419793,DEBIT,Paid by XXXXXXXXXX1320,150
"Jul 05, 2026",1:04 PM,Received from 8007118999,T2607051304161733558760,125959148349,CREDIT,Credited to XXXXXXXXXX1320,500
"Jul 04, 2026",8:40 PM,Paid to Geetabai Gotiram Thorat,T2607042040362824047971,247230612002,DEBIT,Paid by XXXXX0083,20
"Jul 04, 2026",7:17 PM,Received from Patil Doctor,T2607041917279314109654,508848065439,CREDIT,Credited to XXXXX0083,2000
"Jul 04, 2026",7:06 PM,Paid to VIRAJ EXCLUSIVE ,T2607041906484295799222,812815923664,DEBIT,Paid by XXXXX0083,650
"Jul 04, 2026",4:48 PM,Paid to SADGURU WADAPAV CENTER 2,T2607041648048815854321,598116054943,DEBIT,Paid by XXXXX0083,60
"Jul 04, 2026",12:31 PM,Paid to Deccan Automobiles pump,T2607041231258546177418,10857115844,DEBIT,Paid by XXXXX0083,210
"Jul 04, 2026",12:22 PM,Paid to BHAMRE PARCEL POINT,T2607041222177220238720,460320017864,DEBIT,Paid by XXXXX0083,290
"Jul 03, 2026",4:49 PM,Paid to Ranas snacks and thalipeeth centre,T2607031649520045439602,999495285274,DEBIT,Paid by XXXXX0083,60
"Jul 03, 2026",4:49 PM,Received from Manoj Chandmal Kothari,T2607031649301606099522,618407100596,CREDIT,Credited to XXXXX0083,60
"Jul 02, 2026",11:01 PM,Paid to SHREE DUTT PETROLEUM,T2607022301541842045913,978647486252,DEBIT,Paid by XXXXX0083,200
"Jul 02, 2026",10:42 PM,Paid to PINTU MAHTO,T2607022242120196421686,841001194094,DEBIT,Paid by XXXXX0083,200
"Jul 02, 2026",10:39 PM,Received from Patil Doctor,T2607022239090368669610,264843311825,CREDIT,Credited to XXXXX0083,200
"Jul 02, 2026",10:33 PM,Paid to Sanjari Kirana And General Store,T2607022233144456608880,638076241488,DEBIT,Paid by XXXXX0083,15
"Jul 02, 2026",2:06 PM,Paid to ANIL BHAVKA DIGHE,T2607021406147460060016,24946634445,DEBIT,Paid by XXXXX0083,30
"Jul 02, 2026",11:22 AM,Paid to JAY MAHARASHTRA  VADA PAV ,T2607021122002026370897,135654532614,DEBIT,Paid by XXXXX0083,40
"Jul 02, 2026",11:03 AM,Paid to Indian Railways,T2607021103167065696526,738884212380,DEBIT,Paid by XXXXX0083,132.25
"Jul 01, 2026",6:27 PM,Paid to IRCTC Ticketing,T2607011827180403500862,516452223619,DEBIT,Paid by XXXXX0083,117.25
"Jul 01, 2026",6:11 PM,Paid to IRCTC Ticketing,T2607011811048250665498,512758037494,DEBIT,Paid by XXXXX0083,117.25
"Jul 01, 2026",11:12 AM,Paid to Sanjari Kirana And General Store,T2607011112405169706554,176280264125,DEBIT,Paid by XXXXX0083,10
"Jun 29, 2026",7:18 PM,Paid to IRCTC Ticketing,T2606291918283036137919,721692568876,DEBIT,Paid by XXXXX0083,122.25
"Jun 29, 2026",12:06 PM,Paid to Jairunnisa kirana stores ,T2606291206449177060573,493605404562,DEBIT,Paid by XXXXXXXXXX1320,100
"Jun 29, 2026",11:37 AM,Received from ******5907,T2606291137255732568585,963613920665,CREDIT,Credited to XXXXXXXXXX1320,100
"Jun 28, 2026",9:35 PM,Paid to DNYANESHWAR ADKE,T2606282135102307630396,459572437804,DEBIT,Paid by XXXXX0083,7
"Jun 27, 2026",10:11 PM,Paid to MAHESH BHEL BHATTTA,T2606272211439964762431,670131295159,DEBIT,Paid by XXXXX0083,30
"Jun 27, 2026",10:01 PM,Paid to Sanjari Kirana And General Store,T2606272201412127178379,14043393369,DEBIT,Paid by XXXXX0083,10
"Jun 26, 2026",9:59 PM,Paid to Jairunnisa kirana stores ,T2606262159082367118842,841619493773,DEBIT,Paid by XXXXX0083,100
"Jun 26, 2026",9:53 PM,Received from ******5003,T2606262153116320531266,687513051184,CREDIT,Credited to XXXXX0083,100
"Jun 25, 2026",11:15 PM,Paid to New p k Healthcare,T2606252315268430897310,678983211451,DEBIT,Paid by XXXXX0083,35
"Jun 25, 2026",6:22 PM,Paid to Mr ROHAN JANAKSINGH BAGHEL,T2606251822093252187832,96217758185,DEBIT,Paid by XXXXX0083,60
"Jun 25, 2026",6:18 PM,Paid to SAGAR MARKETING ,T2606251818077621526050,403550125945,DEBIT,Paid by XXXXX0083,50
"Jun 25, 2026",6:12 PM,Paid to SADGURU WADAPAV CENTER 2,T2606251812109095702544,211100498321,DEBIT,Paid by XXXXX0083,120
"Jun 25, 2026",6:05 PM,Received from Manoj Chandmal Kothari,T2606251805357550535261,617693529377,CREDIT,Credited to XXXXX0083,200
"Jun 25, 2026",11:11 AM,Mobile recharged 8055022181,NX26062511114062131418151,807959162781,DEBIT,Paid by XXXXX0083,39
"Jun 24, 2026",12:02 PM,Paid to DNYANESHWAR ADKE,T2606241202348894256420,708049767675,DEBIT,Paid by XXXXX0083,35
"Jun 23, 2026",10:04 PM,Paid to JIO,T2606232204140034400827,994291870834,DEBIT,Paid by XXXXX0083,19
"Jun 23, 2026",2:14 PM,Received from ******5907,T2606231414122997223250,435576196809,CREDIT,Credited to XXXXX0083,100
"Jun 23, 2026",1:18 PM,Paid to Anjali Amol Harale,T2606231318231068181575,25891231524,DEBIT,Paid by XXXXX0083,2
"Jun 23, 2026",8:06 AM,Received from Mommy,T2606230806207713467011,791826905201,CREDIT,Credited to XXXXX0083,1500
"Jun 21, 2026",11:53 AM,Paid to Vaibhav Pan Shop,T2606211153105488114543,490082900214,DEBIT,Paid by XXXXX0083,30
"Jun 20, 2026",9:51 PM,Received from ******5003,T2606202151103423243262,734385894391,CREDIT,Credited to XXXXX0083,100
"Jun 19, 2026",2:08 PM,Paid to Aditya Kirana,T2606191408170214970455,871913534279,DEBIT,Paid by XXXXX0083,15
"Jun 19, 2026",1:58 PM,Paid to MANALI BAKERY ,T2606191358477148860562,681686805788,DEBIT,Paid by XXXXX0083,20
"Jun 19, 2026",1:54 PM,Paid to 01 Ichapurti vadapa center ,T2606191354439520108540,90809392107,DEBIT,Paid by XXXXX0083,30
"Jun 19, 2026",1:00 PM,Paid to DNYANESHWAR ADKE,T2606191300060329593670,314310617598,DEBIT,Paid by XXXXX0083,15
"Jun 19, 2026",10:06 AM,Paid to Sanjari Kirana And General Store,T2606191006539727026941,791057728344,DEBIT,Paid by XXXXXXXXXX1320,8
"Jun 18, 2026",9:58 PM,Paid to SHREE DUTT PETROLEUM,T2606182158077000467455,791984863291,DEBIT,Paid by XXXXX0083,70
"Jun 18, 2026",8:24 AM,Paid to Geetabai Gotiram Thorat,T2606180824479244787514,726139745137,DEBIT,Paid by XXXXX0083,10
"Jun 17, 2026",7:56 AM,Paid to YASH IDLY,T2606170756501908545668,92708294307,DEBIT,Paid by XXXXXXXXXX1320,30
"Jun 16, 2026",11:26 AM,Mobile recharged 8055022181,NX26061611260590418329841,320450533980,DEBIT,Paid by XXXXXXXXXX1320,39
"Jun 16, 2026",11:24 AM,Paid to JYOTI KITCHEN ,T2606161124254881637398,976035568755,DEBIT,Paid by XXXXX0083,140
"Jun 16, 2026",11:24 AM,Received from Nikhil Vinchurkar,T2606161124305418166295,871814426634,CREDIT,Credited to XXXXX0083,40
"Jun 16, 2026",10:47 AM,Transfer to XXXXXXXXXX1320,T2606161047170838260169,671528693380,DEBIT,Paid by XXXXX0083,86
"Jun 16, 2026",10:44 AM,Paid to PARTH MEDIX,T2606161044451821112298,770470507099,DEBIT,Paid by XXXXX0083,40
"Jun 15, 2026",8:39 PM,Paid to Annapurna Dabeli and Farsan,T2606152039264457006203,501632463112,DEBIT,Paid by XXXXX0083,50
"Jun 15, 2026",5:36 PM,Paid to Ganesh Kirana and General Stores,T2606151736189490097978,386000636952,DEBIT,Paid by XXXXX0083,12
"Jun 15, 2026",5:26 PM,Paid to Jairunnisa kirana stores ,T2606151725561548987429,259671610837,DEBIT,Paid by XXXXX0083,10
"Jun 15, 2026",1:45 PM,Paid to SWAMI SAMARTH ICE CREAM PARLOR,T2606151345516974309491,901705968994,DEBIT,Paid by XXXXX0083,105
"Jun 15, 2026",12:57 PM,Paid to Jairunnisa kirana stores ,T2606151257008641160608,202809467699,DEBIT,Paid by XXXXX0083,105
"Jun 13, 2026",9:45 PM,Paid to MAHESH BHEL BHATTTA,T2606132144587217746075,959748926158,DEBIT,Paid by XXXXX0083,30
"Jun 13, 2026",7:51 PM,Paid to SADGURU WADAPAV CENTER 2,T2606131951052248648414,905953293276,DEBIT,Paid by XXXXX0083,60
"Jun 13, 2026",6:22 PM,Paid to  BUNTY KASAB,T2606131822506989295989,761223337025,DEBIT,Paid by XXXXX0083,2
"Jun 13, 2026",5:51 PM,Paid to CHIRAG BIRYANI,T2606131751444036030760,439715105464,DEBIT,Paid by XXXXX0083,70
"Jun 13, 2026",3:08 PM,Paid to Kalpurnam Sweet and Farsan,T2606131508336069900754,947860842873,DEBIT,Paid by XXXXX0083,110
"Jun 12, 2026",5:43 PM,Electricity bill paid 049084162484,NX26061217425829591563491,11936212167,DEBIT,Paid by XXXXX0083,4603
"Jun 10, 2026",6:24 PM,Paid to Nikhil Vinchurkar,T2606101824318836290763,416144465352,DEBIT,Paid by XXXXX0083,50
"Jun 10, 2026",6:09 PM,Paid to Vijay Kumbare,T2606101809291709235824,808106892408,DEBIT,Paid by XXXXX0083,8500
"Jun 10, 2026",6:09 PM,Received from Mommy,T2606101809038367744894,813233336207,CREDIT,Credited to XXXXX0083,4000
"Jun 10, 2026",2:11 PM,Received from PRASAD POPAT GAIKWAD,T2606101411527769537538,307755365075,CREDIT,Credited to XXXXX0083,3285
"Jun 10, 2026",11:08 AM,Electricity bill paid 160268640166,NX26061011082083943304521,817827318300,DEBIT,Paid by XXXXX0083,183
"Jun 09, 2026",7:28 PM,Paid to RUDRAY ROLLS AND COFFEE SHOP,T2606091928134622832743,460761793137,DEBIT,Paid by XXXXXXXXXX1320,110
"Jun 08, 2026",11:03 PM,Paid to New p k Healthcare,T2606082303387446974217,409221116127,DEBIT,Paid by XXXXX0083,30
"Jun 08, 2026",11:47 AM,Paid to Dhiru Sanjay Sonkar,T2606081147340815771107,555802924874,DEBIT,Paid by XXXXXXXXXX1320,15
"Jun 07, 2026",6:50 PM,Paid to ATHARV PUSTAKALAY,T2606071850097374399689,760766248386,DEBIT,Paid by XXXXX0083,60
"Jun 03, 2026",12:59 PM,Received from KSHITIJ MALL,T2606031259449466192978,307320555821,CREDIT,Credited to XXXXX0083,2800
"Jun 02, 2026",9:53 AM,Paid to RUSHIKESH SUDHAKAR JAGTAP,T2606020953388831634880,643965122132,DEBIT,Paid by XXXXXXXXXX1320,10000
"Jun 02, 2026",9:51 AM,Received from DREAMPLUG TECHNOLOGIES PRIVATE LIMI,T2606020951579922230615,615323023785,CREDIT,Credited to XXXXXXXXXX1320,10000
"Jun 01, 2026",10:26 PM,Mobile recharged 8956198902,NX26060122264670257193741,70525172679,DEBIT,Paid by XXXXXXXXXX1320,33
"Jun 01, 2026",10:40 AM,Paid to IRCTC,T2606011040115194958849,107085995877,DEBIT,Paid by XXXXX0083,4143.6
"Jun 01, 2026",10:24 AM,Paid to RUSHIKESH SUDHAKAR JAGTAP,T2606011024098986993661,298995254048,DEBIT,Paid by XXXXXXXXXX1320,20000
"Jun 01, 2026",10:21 AM,Received from DREAMPLUG TECHNOLOGIES PRIVATE LIMI,T2606011021241884764443,615223027160,CREDIT,Credited to XXXXXXXXXX1320,20000
"May 28, 2026",11:06 AM,Paid to IRCTC,T2605281106018204460488,871962343155,DEBIT,Paid by XXXXX0083,452.25
"May 27, 2026",8:28 PM,Received from Jinesh Manoj Kothari,T2605272028526060291970,701540975733,CREDIT,Credited to XXXXXXXXXX1320,7.5
"May 27, 2026",8:28 PM,Received from Jinesh Manoj Kothari,T2605272028131520621860,254483878727,CREDIT,Credited to XXXXXXXXXX1320,150
"May 27, 2026",2:47 PM,Paid to RUSHIKESH SUDHAKAR JAGTAP,T2605271447261851976076,344340689032,DEBIT,Paid by XXXXXXXXXX1320,10000
"May 27, 2026",2:33 PM,Received from DREAMPLUG TECHNOLOGIES PRIVATE LIMI,T2605271433215542809066,614722056808,CREDIT,Credited to XXXXXXXXXX1320,10000
"May 26, 2026",10:48 AM,Paid to OM MOTOR DRIVING SCH,T2605261048052289149147,740172971905,DEBIT,Paid by XXXXXXXXXX1320,13000
"May 26, 2026",9:52 AM,Received from Mahendra Dhongade,T2605260952495388598688,80915560471,CREDIT,Credited to XXXXXXXXXX1320,13000
"May 25, 2026",10:12 AM,Paid to PUNE METRO CCA DR WA,T2605251012515483027129,426739416538,DEBIT,Paid by XXXXX0083,45
"May 25, 2026",1:21 AM,Received from PRASAD POPAT GAIKWAD,T2605250121350664495965,306767168260,CREDIT,Credited to XXXXX0083,435
"May 24, 2026",2:48 PM,Received from PRASAD POPAT GAIKWAD,T2605241448247106750501,306731756399,CREDIT,Credited to XXXXX0083,109
"May 24, 2026",11:32 AM,Paid to IRCTC ETICKETING,T2605241131598240119450,887243555047,DEBIT,Paid by XXXXX0083,122.25
"May 24, 2026",11:02 AM,Paid to IRCTC ETICKETING,T2605241101549474862278,931794789503,DEBIT,Paid by XXXXX0083,302.7
"May 22, 2026",12:45 PM,Paid to IRCTC ETICKETING,T2605221245368666859992,640643823301,DEBIT,Paid by XXXXX0083,624.5
"May 22, 2026",10:54 AM,Paid to TIKONA DAIRY AND FARM,T2605221054050411707187,967603709302,DEBIT,Paid by XXXXX0083,20
"May 21, 2026",11:24 PM,Received from PRASAD POPAT GAIKWAD,T2605212324278721691275,306586239236,CREDIT,Credited to XXXXX0083,400
"May 21, 2026",10:43 PM,Mobile recharged 8208408301,NX26052122431781628418431,890809496819,DEBIT,Paid by XXXXX0083,26
"May 21, 2026",9:10 PM,Paid to SWATI SAPKAL-KOTHRUD PETROL CIRCLE,T2605212110169748603584,979406236072,DEBIT,Paid by XXXXX0083,100
"May 21, 2026",8:04 PM,Received from ROHIT DHARMENDRA BAGUL,T2605212004414095923032,614139378573,CREDIT,Credited to XXXXX0083,1000
"May 20, 2026",7:07 PM,Paid to SAVANLIYA BHEL PANIPURI CENTER,T2605201907090757482831,98273371993,DEBIT,Paid by XXXXX0083,110
"May 20, 2026",3:47 AM,Paid to JAY MALHAR ANDA BURAJI,T2605200347421978945675,312504843138,DEBIT,Paid by XXXXX0083,20
"May 19, 2026",7:49 PM,Paid to TIKONA DAIRY AND FARM,T2605191949403627394753,468252410693,DEBIT,Paid by XXXXX0083,55
"May 19, 2026",7:41 PM,Paid to Mr SHRIRAM BABURAO GHUMADE,T2605191941213188381013,601590056061,DEBIT,Paid by XXXXX0083,14
"May 19, 2026",9:16 AM,Paid to IRCTC ETICKETING,T2605190916493527445232,547786523158,DEBIT,Paid by XXXXX0083,544.05
"May 18, 2026",11:22 PM,Paid to Royal Shwarma,T2605182322146012302815,369663562149,DEBIT,Paid by XXXXX0083,160
"May 18, 2026",6:09 PM,Paid to IRCTC ETICKETING,T2605181809430686117030,790930163472,DEBIT,Paid by XXXXX0083,829.05
"May 17, 2026",7:25 PM,Paid to IRCTC ETICKETING,T2605171925121474473587,502038144147,DEBIT,Paid by XXXXX0083,182.7
"May 17, 2026",7:20 PM,Paid to IRCTC ETICKETING,T2605171919568394952957,502784870422,DEBIT,Paid by XXXXX0083,1604.5
"May 16, 2026",11:30 PM,Received from Akash Bhagwan Mahale,T2605162330227830498651,50840892783,CREDIT,Credited to XXXXXXXXXX1320,4500
"May 15, 2026",10:03 PM,Paid to TIKONA DAIRY AND FARM,T2605152203128868265240,154274395963,DEBIT,Paid by XXXXX0083,20
"May 14, 2026",6:04 PM,Received from PRASAD POPAT GAIKWAD,T2605141804469982693737,302553352962,CREDIT,Credited to XXXXX0083,320
"May 14, 2026",6:48 AM,Received from Manoj Chandmal Kothari,T2605140648190446634929,613432364801,CREDIT,Credited to XXXXX0083,9000
"May 14, 2026",4:57 AM,Paid to JAY MALHAR ANDA BURAJI,T2605140456532008640571,424660169267,DEBIT,Paid by XXXXX0083,50
"May 14, 2026",4:35 AM,Received from AMEY CHANDRAKANT ACHARYA,T2605140435096720209523,613431271628,CREDIT,Credited to XXXXX0083,240
"May 13, 2026",1:40 PM,Paid to VILAS BHASKAR RAUT,T2605131340331891090250,264827663577,DEBIT,Paid by XXXXX0083,110
"May 12, 2026",2:40 PM,Paid to Shree gajanan maharaj shegaon kachori,T2605121440238461145024,401869187937,DEBIT,Paid by XXXXX0083,60
"May 12, 2026",2:36 PM,Paid to Maitri gulacha chaha ANIRUDDHA FOODS,T2605121436363414120046,129284482359,DEBIT,Paid by XXXXX0083,36
"May 12, 2026",12:11 PM,Paid to TIKONA DAIRY AND FARM,T2605121211541266377814,786351742433,DEBIT,Paid by XXXXX0083,50
"May 11, 2026",10:52 PM,Paid to BURRGER BUZZ KOTHRUD,T2605112252062134126374,446205047534,DEBIT,Paid by XXXXX0083,298
"May 11, 2026",8:07 PM,Paid to BABALU CHAMAN GAGADE,T2605112007182827854527,593621400105,DEBIT,Paid by XXXXXXXXXX1320,110
"May 11, 2026",3:23 PM,Received from PRASAD POPAT GAIKWAD,T2605111523159000665853,302363129379,CREDIT,Credited to XXXXX0083,497
"May 11, 2026",3:09 PM,Paid to RUSHIKESH SUDHAKAR JAGTAP,T2605111509349092343875,96588779717,DEBIT,Paid by XXXXXXXXXX1320,20000
"May 11, 2026",3:06 PM,Received from DREAMPLUG TECHNOLOGIES PRIVATE LIMI,T2605111506548447863549,613123053187,CREDIT,Credited to XXXXXXXXXX1320,20000
"May 11, 2026",9:33 AM,Paid to RAM MARKET,T2605110933266815070460,676390772091,DEBIT,Paid by XXXXX0083,25
"May 10, 2026",7:19 PM,Received from PURVA SANJAY SANKLECHA,T2605101919059658754561,613008908636,CREDIT,Credited to XXXXX0083,530
"May 10, 2026",5:58 PM,Electricity bill paid 160268640166,NX26051017582881136293351,332187340303,DEBIT,Paid by XXXXX0083,163
"May 10, 2026",5:58 PM,Paid to Vijay Kumbare,T2605101758067824876603,355842937048,DEBIT,Paid by XXXXX0083,8500
"May 10, 2026",1:18 PM,Paid to Moraya Snacks Center ,T2605101318353139555683,786897379686,DEBIT,Paid by XXXXX0083,110
"May 10, 2026",4:29 AM,Paid to ZOMATO,T2605100429284746094705,901770573803,DEBIT,Paid by XXXXX0083,173.58
"May 09, 2026",4:23 PM,Received from PRASAD POPAT GAIKWAD,T2605091623375070396958,302242759807,CREDIT,Credited to XXXXX0083,2747
"May 09, 2026",4:00 PM,Paid to Laxmi Trending,T2605091600062440307901,899996952317,DEBIT,Paid by XXXXX0083,50
"May 09, 2026",1:00 PM,Paid to IRCTC ETICKETING,T2605091300339975235999,607272438970,DEBIT,Paid by XXXXX0083,433.6
"May 09, 2026",12:54 PM,Paid to Zepto Marketplace Private Limi,T2605091254334105864588,440492071267,DEBIT,Paid by XXXXX0083,142
"May 09, 2026",10:09 AM,Paid to TIKONA DAIRY AND FARM,T2605091009219688238467,299968796113,DEBIT,Paid by XXXXX0083,18
"May 09, 2026",10:02 AM,Paid to IRCTC ETICKETING,T2605091001538534240848,757516824323,DEBIT,Paid by XXXXX0083,2604.5
"May 09, 2026",9:45 AM,Received from Manoj Chandmal Kothari,T2605090945512357169819,612987003942,CREDIT,Credited to XXXXX0083,2000
"May 08, 2026",9:29 PM,Paid to Amey Aacharya,T2605082129014173265459,900736932763,DEBIT,Paid by XXXXX0083,100
"May 08, 2026",9:26 PM,Paid to DALA RAM GHANCHI SO BHANWAR LAL GHANCHI,T2605082126057680899552,718566473317,DEBIT,Paid by XXXXX0083,40
"May 08, 2026",9:12 PM,Paid to Rakesh pan shop,T2605082112327379129403,180950345329,DEBIT,Paid by XXXXX0083,50
"May 08, 2026",8:19 PM,Paid to TIKONA DAIRY AND FARM,T2605082019328654937278,751403879263,DEBIT,Paid by XXXXX0083,14
"May 08, 2026",3:07 PM,Received from VIRENDRA K SANCHETI,T2605081507442914628933,649425552019,CREDIT,Credited to XXXXX0083,120
"May 08, 2026",2:26 PM,Paid to Moraya Snacks Center ,T2605081426255831523759,768564235798,DEBIT,Paid by XXXXX0083,110
"May 08, 2026",12:50 PM,Received from KSHITIJ MALL,T2605081250042498032674,302169948468,CREDIT,Credited to XXXXX0083,2800
"May 08, 2026",11:11 AM,Paid to TIKONA DAIRY AND FARM,T2605081111378772926126,752106182082,DEBIT,Paid by XXXXX0083,50
"May 08, 2026",11:04 AM,Paid to MKENTERPRISES,T2605081103557347409505,920580514272,DEBIT,Paid by XXXXX0083,120
"May 08, 2026",10:27 AM,Paid to SHITAL DNYANESHAWAR BHINTADE,T2605081026513309502715,570125170817,DEBIT,Paid by XXXXX0083,15
"May 08, 2026",10:01 AM,Paid to IRCTC ETICKETING,T2605081001416782724000,176577713454,DEBIT,Paid by XXXXX0083,4934.5
"May 07, 2026",10:37 PM,Received from Mommy,T2605072237264089443962,145727540662,CREDIT,Credited to XXXXX0083,9000
"May 07, 2026",9:45 PM,Paid to RATNA NANDKISHOR SONI,T2605072145483135790497,922056745128,DEBIT,Paid by XXXXX0083,20
"May 07, 2026",8:57 PM,Paid to PUNE METRO CCA DR WA,T2605072057317742333544,267494927207,DEBIT,Paid by XXXXX0083,27
"May 06, 2026",5:58 PM,Paid to Anuradha,T2605061758196801049458,820444113061,DEBIT,Paid by XXXXX0083,10
"May 06, 2026",5:23 PM,Paid to PUNE METRO CCA DR WA,T2605061723182291296243,884686540558,DEBIT,Paid by XXXXX0083,22.5
"May 06, 2026",3:36 PM,Paid to Ashwajit Devendra Ubale,T2605061536041696274940,934480049670,DEBIT,Paid by XXXXX0083,1100
"May 06, 2026",2:45 PM,Paid to Durvesh,T2605061445093627339437,751359130580,DEBIT,Paid by XXXXX0083,40
"May 06, 2026",1:27 PM,Received from VIRENDRA K SANCHETI,T2605061327452658967835,612604872720,CREDIT,Credited to XXXXX0083,1000
"May 06, 2026",9:43 AM,Received from Manoj Chandmal Kothari,T2605060943382159236943,612676617045,CREDIT,Credited to XXXXX0083,5000
"May 05, 2026",12:33 PM,Paid to Chand Babu Sah,T2605051233089481463853,128320781542,DEBIT,Paid by XXXXX0083,90
"May 05, 2026",12:01 AM,Paid to Greenline healthcare and supermarket,T2605050001169136019073,410588134558,DEBIT,Paid by XXXXX0083,40
"May 04, 2026",11:34 PM,Paid to Wakure Kuldeep Vinayak,T2605042334216019212336,145397651556,DEBIT,Paid by XXXXX0083,20
"May 04, 2026",6:19 PM,Received from RATAN ENTERPRISES,T2605041819131923790080,649083307346,CREDIT,Credited to XXXXX0083,1200
"May 04, 2026",5:33 PM,Paid to TIKONA DAIRY AND FARM,T2605041733145158668556,470787510355,DEBIT,Paid by XXXXX0083,50
"May 04, 2026",4:00 PM,Paid to A 1 Vadapav  center ,T2605041600085759412587,606690485763,DEBIT,Paid by XXXXX0083,90
"May 04, 2026",11:19 AM,Paid to Mohd Ayan Ansari,T2605041119214174163406,791027709038,DEBIT,Paid by XXXXX0083,60
"May 04, 2026",11:17 AM,Paid to Xshitij Mall,T2605041117518786568794,269313717593,DEBIT,Paid by XXXXX0083,200
"May 04, 2026",10:54 AM,Paid to IRCTC ETICKETING,T2605041053575405560645,801456567449,DEBIT,Paid by XXXXX0083,953.6
"May 04, 2026",8:36 AM,Paid to TIKONA DAIRY AND FARM,T2605040836096946810610,494655572674,DEBIT,Paid by XXXXX0083,14
"May 04, 2026",7:39 AM,Paid to PUNE METRO CCA DR WA,T2605040739479260095842,136512121332,DEBIT,Paid by XXXXX0083,27
"May 03, 2026",8:50 PM,Received from VIRENDRA K SANCHETI,T2605032050121153944070,648960189244,CREDIT,Credited to XXXXX0083,120
"May 03, 2026",10:02 AM,Paid to IRCTC ETICKETING,T2605031002167059712082,525927584100,DEBIT,Paid by XXXXX0083,1964.05
"May 03, 2026",10:00 AM,Received from Manoj Chandmal Kothari,T2605031000098479285275,612371276487,CREDIT,Credited to XXXXX0083,3000
"May 02, 2026",8:46 PM,Paid to HEERAMANI SWEET,T2605022046284644276381,398280540727,DEBIT,Paid by XXXXX0083,20
"May 02, 2026",7:22 PM,Received from Mommy,T2605021922346376335763,604978472886,CREDIT,Credited to XXXXX0083,200
"May 02, 2026",6:57 PM,Received from Mommy,T2605021857045930170798,998544021652,CREDIT,Credited to XXXXX0083,330
"May 02, 2026",6:46 PM,Paid to HEERAMANI SWEET,T2605021845583751681578,34953283229,DEBIT,Paid by XXXXX0083,60
"May 02, 2026",6:42 PM,Paid to KAILASH SUPER MARKET,T2605021842477967877856,603143721071,DEBIT,Paid by XXXXX0083,60
"May 02, 2026",2:40 PM,Received from PRASAD POPAT GAIKWAD,T2605021440072255616343,301818876070,CREDIT,Credited to XXXXX0083,55
"May 02, 2026",12:05 PM,Received from KSHITIJ MALL,T2605021205336386335036,301809862138,CREDIT,Credited to XXXXX0083,40
"May 02, 2026",11:03 AM,Paid to IRCTC ETICKETING,T2605021103164641222346,526972419805,DEBIT,Paid by XXXXX0083,777.25
"May 02, 2026",10:04 AM,Paid to IRCTC ETICKETING,T2605021004392982794294,64475697487,DEBIT,Paid by XXXXX0083,3804.5
"May 02, 2026",9:16 AM,Received from Manoj Chandmal Kothari,T2605020916564055509569,612294578099,CREDIT,Credited to XXXXX0083,3000
"May 01, 2026",10:03 PM,Paid to PUNE METRO CCA DR WA,T2605012203171233125241,416482252156,DEBIT,Paid by XXXXX0083,27
"May 01, 2026",9:27 PM,Paid to SANTOSH DATTATRAYA YENPURE,T2605012127008982138422,14727386158,DEBIT,Paid by XXXXX0083,20
"May 01, 2026",9:24 PM,Paid to Chand Babu Sah,T2605012124160565805326,137134530953,DEBIT,Paid by XXXXX0083,90
"May 01, 2026",2:17 PM,Paid to Sanket Milind Gangurde,T2605011416595628062385,30129980098,DEBIT,Paid by XXXXX0083,165
"May 01, 2026",7:15 AM,Paid to Moraya Snacks Center ,T2605010715138477573630,351931850565,DEBIT,Paid by XXXXX0083,45
"May 01, 2026",7:03 AM,Paid to Moraya Snacks Center ,T2605010703345201444361,222121598739,DEBIT,Paid by XXXXX0083,30
"Apr 30, 2026",8:16 PM,Paid to Durvesh,T2604302016074218658460,846934803592,DEBIT,Paid by XXXXX0083,115
"Apr 30, 2026",6:41 PM,Paid to IRCTC ETICKETING,T2604301841328146335013,700179428044,DEBIT,Paid by XXXXX0083,342.25
"Apr 30, 2026",4:14 PM,Paid to Siddhivinayak Super Market,T2604301614521902420080,172641792254,DEBIT,Paid by XXXXX0083,10
"Apr 30, 2026",4:03 PM,Paid to PRASAD POPAT GAIKWAD,T2604301603319032887687,226447582901,DEBIT,Paid by XXXXX0083,100
"Apr 30, 2026",2:19 PM,Received from PRASAD POPAT GAIKWAD,T2604301419295815909577,648661092762,CREDIT,Credited to XXXXXXXXXX1320,320
"Apr 30, 2026",1:44 PM,Paid to Shadowfax,T2604301344256266912605,868317343767,DEBIT,Paid by XXXXX0083,149
"Apr 30, 2026",10:54 AM,Paid to Moraya Snacks Center ,T2604301054352887586519,800283659728,DEBIT,Paid by XXXXX0083,20
"Apr 29, 2026",10:41 PM,Paid to ABHISHEK VENKAT GOLE,T2604292241400672739344,421589953755,DEBIT,Paid by XXXXX0083,151
"Apr 29, 2026",3:36 PM,Paid to SUVIDHA SERVICES,T2604291536561636325331,783578822599,DEBIT,Paid by XXXXX0083,4
"Apr 29, 2026",3:22 PM,Paid to RAMESH PATEL,T2604291522171496084045,150525980391,DEBIT,Paid by XXXXX0083,35
"Apr 29, 2026",2:51 PM,Paid to PUNE METRO CCA DR WA,T2604291451037932836914,5972677699,DEBIT,Paid by XXXXX0083,13.5
"Apr 28, 2026",7:48 PM,Paid to ZOMATO,T2604281948517110495480,426541205243,DEBIT,Paid by XXXXX0083,178
"Apr 28, 2026",3:55 PM,Paid to Om Sai Parking,T2604281554550894260952,652463554590,DEBIT,Paid by XXXXX0083,4
"Apr 27, 2026",9:08 PM,Paid to Chand Babu Sah,T2604272108199066590768,131448460779,DEBIT,Paid by XXXXX0083,90
"Apr 27, 2026",12:32 PM,Paid to Mohd Ayan Ansari,T2604271231599247836842,638041910855,DEBIT,Paid by XXXXX0083,80
"Apr 27, 2026",11:15 AM,Paid to PUNE METRO CCA DR WA,T2604271115312127858459,322483489827,DEBIT,Paid by XXXXXXXXXX1320,13.5
"Apr 26, 2026",9:06 PM,Paid to SWIGGY,T2604262106024185717254,786288523804,DEBIT,Paid by XXXXX0083,117
"Apr 26, 2026",5:19 PM,Paid to Ashwajit Devendra Ubale,T2604261718575884299548,655483793494,DEBIT,Paid by XXXXXXXXXX1320,40
"Apr 26, 2026",3:59 PM,Paid to Moraya Snacks Center ,T2604261559207992777654,883017705822,DEBIT,Paid by XXXXX0083,20
"Apr 26, 2026",3:57 PM,Paid to RAVINDRA PRAMOD BALI,T2604261557300939363059,780509669586,DEBIT,Paid by XXXXX0083,138
"Apr 26, 2026",3:53 PM,Paid to Chand Babu Sah,T2604261553304502568901,110127614828,DEBIT,Paid by XXXXX0083,90
"Apr 26, 2026",3:45 PM,Paid to Ashwajit Devendra Ubale,T2604261545283822356384,501946074386,DEBIT,Paid by XXXXX0083,20
"Apr 26, 2026",12:58 PM,Paid to TIKONA DAIRY AND FARM,T2604261258171502668535,579755965936,DEBIT,Paid by XXXXX0083,50
"Apr 26, 2026",1:24 AM,Paid to LAXMI NARAYAN AMRATULYA snacks ,T2604260124244865760114,269801196441,DEBIT,Paid by XXXXX0083,25
"Apr 26, 2026",1:23 AM,Paid to JAYMALHAR UPHAR GRUH,T2604260123508621751800,458270496413,DEBIT,Paid by XXXXX0083,60
"Apr 26, 2026",1:13 AM,"Paid to MORYA SNACKS ,Nak Stop,Karve Road",T2604260113493972503004,683322514602,DEBIT,Paid by XXXXX0083,80
"Apr 24, 2026",7:24 PM,Paid to Mohd Ayan Ansari,T2604241923593158599791,830647824952,DEBIT,Paid by XXXXX0083,100
"Apr 24, 2026",7:23 PM,Paid to Moraya Snacks Center ,T2604241923257422168825,879763689582,DEBIT,Paid by XXXXX0083,23
"Apr 24, 2026",2:10 PM,Paid to ZEPTO MARKETPLACE PRIVATE LIMITED,T2604241410441991221165,679465575834,DEBIT,Paid by XXXXX0083,140
"Apr 24, 2026",1:45 PM,Received from Ashwajit Devendra Ubale,T2604241345196311226721,611498694139,CREDIT,Credited to XXXXX0083,50
"Apr 24, 2026",1:19 PM,Paid to EXCEL SERVICE CENTRE,T2604241319337675576799,115226131576,DEBIT,Paid by XXXXX0083,500
"Apr 24, 2026",12:59 PM,Received from Ashwajit Devendra Ubale,T2604241259139184859385,611423775498,CREDIT,Credited to XXXXX0083,500
"Apr 23, 2026",10:54 PM,Received from Ashwajit Devendra Ubale,T2604232254180769373360,611369215194,CREDIT,Credited to XXXXX0083,25
"Apr 23, 2026",9:16 PM,Paid to Mohd Ayan Ansari,T2604232116392112241112,951777409033,DEBIT,Paid by XXXXX0083,40
"Apr 23, 2026",9:14 PM,Paid to Moraya Snacks Center ,T2604232114403343520588,449487809213,DEBIT,Paid by XXXXX0083,35
"Apr 23, 2026",8:42 PM,Received from KSHITIJ MALL,T2604232042193101235259,204648945431,CREDIT,Credited to XXXXX0083,72
"Apr 23, 2026",5:52 PM,Paid to SWIGGY INSTAMART,T2604231752109624581663,576344366210,DEBIT,Paid by XXXXX0083,167
"Apr 23, 2026",3:24 PM,Paid to RUSHIKESH SUDHAKAR  JAGTAP,T2604231523588256695858,108265521908,DEBIT,Paid by XXXXXXXXXX1320,10000
"Apr 23, 2026",3:22 PM,Received from DREAMPLUG TECHNOLOGIES PRIVATE LIMI,T2604231522586564723301,611323077340,CREDIT,Credited to XXXXXXXXXX1320,10000
"Apr 23, 2026",12:56 PM,Paid to Shadowfax,T2604231256171565856733,415076207807,DEBIT,Paid by XXXXX0083,138
"Apr 22, 2026",8:39 PM,Paid to Moraya Snacks Center ,T2604222039125689971436,951948440908,DEBIT,Paid by XXXXX0083,30
"Apr 22, 2026",8:17 PM,Paid to Chand Babu Sah,T2604222017070394040921,281308508947,DEBIT,Paid by XXXXX0083,90
"Apr 22, 2026",1:41 PM,Paid to Angara biryani ,T2604221341560310499259,489301148413,DEBIT,Paid by XXXXX0083,210
"Apr 22, 2026",1:05 PM,Paid to Xshitij Mall,T2604221305399856349854,101302035714,DEBIT,Paid by XXXXX0083,50
"Apr 21, 2026",7:07 PM,Received from Mommy,T2604211907258628672226,756302871637,CREDIT,Credited to XXXXX0083,5000
"Apr 21, 2026",2:06 AM,Paid to ZEPTO MARKETPLACE PRIVATE LIMITED,T2604210206000783412291,645112359511,DEBIT,Paid by XXXXX0083,158
"Apr 20, 2026",11:30 PM,Paid to MED NX,T2604202330307811808570,941766216526,DEBIT,Paid by XXXXX0083,70
"Apr 20, 2026",11:30 PM,Received from Ashwajit Devendra Ubale,T2604202330133389512303,611003754819,CREDIT,Credited to XXXXX0083,40
"Apr 20, 2026",10:51 PM,Paid to Ashwajit Devendra Ubale,T2604202251020017368125,160677941951,DEBIT,Paid by XXXXX0083,80
"Apr 20, 2026",8:52 PM,Paid to Shishumanis,T2604202052241336688463,772325878822,DEBIT,Paid by XXXXX0083,90
"Apr 20, 2026",8:14 PM,Paid to PUNE METRO CCA DR WA,T2604202014290491211247,666449879966,DEBIT,Paid by XXXXX0083,13.5
"Apr 20, 2026",1:05 PM,Paid to SUDESH MARUTI WADKAR,T2604201305438314650855,271196397418,DEBIT,Paid by XXXXX0083,155
"Apr 19, 2026",11:40 AM,Paid to ZEPTO MARKETPLACE PRIVATE LIMITED,T2604191139577107043159,913882749669,DEBIT,Paid by XXXXX0083,201
"Apr 19, 2026",10:35 AM,Paid to JIO,T2604191035500642882725,495528339350,DEBIT,Paid by XXXXX0083,100
"Apr 18, 2026",10:41 PM,Paid to Rushikesh FC,T2604182241285315511340,998593786846,DEBIT,Paid by XXXXX0083,270
"Apr 18, 2026",7:48 PM,Paid to SWIGGY,T2604181948047268282298,479220740429,DEBIT,Paid by XXXXX0083,165
"Apr 18, 2026",9:39 AM,Paid to JAI AMBIKA XEROX CENTER,T2604180939219150440781,615429954322,DEBIT,Paid by XXXXX0083,112
"Apr 18, 2026",8:03 AM,Paid to Mr CHANDRAKANT TUKARAM KHOPADE,T2604180803465438651985,427651443792,DEBIT,Paid by XXXXX0083,20
"Apr 18, 2026",8:02 AM,Paid to Ankita bakery and General store,T2604180802310138212830,755039754772,DEBIT,Paid by XXXXX0083,12
"Apr 17, 2026",10:13 PM,Paid to Xshitij Mall,T2604172213274838655789,338501760858,DEBIT,Paid by XXXXX0083,30
"Apr 17, 2026",8:48 PM,Paid to KSHITIJ MALL,T2604172047590022275397,556076016202,DEBIT,Paid by XXXXX0083,45
"Apr 17, 2026",7:50 PM,Paid to Xshitij Mall,T2604171950529612148594,653116587472,DEBIT,Paid by XXXXX0083,108
"Apr 17, 2026",7:43 PM,Paid to RAVINDRA PRAMOD BALI,T2604171943210200611670,811561682641,DEBIT,Paid by XXXXX0083,12
"Apr 17, 2026",1:31 PM,Paid to Mr ASHOK VITTHAL GIRAM,T2604171331208598655447,259196278541,DEBIT,Paid by XXXXX0083,68
"Apr 17, 2026",12:06 PM,Paid to PUNE METRO CCA DR WA,T2604171206172182106169,648896762369,DEBIT,Paid by XXXXX0083,27
"Apr 16, 2026",10:21 PM,Paid to Moraya Snacks Center ,T2604162221481185635909,628809876206,DEBIT,Paid by XXXXX0083,68
"Apr 16, 2026",9:55 PM,Paid to ANISH SANJAY MISTRY,T2604162155370098822318,224649811531,DEBIT,Paid by XXXXX0083,194
"Apr 16, 2026",9:49 PM,Received from KSHITIJ MALL,T2604162149412384187233,300901992465,CREDIT,Credited to XXXXX0083,50
"Apr 16, 2026",9:49 PM,Received from Ashwajit Devendra Ubale,T2604162149361729006250,610604654331,CREDIT,Credited to XXXXX0083,144
"Apr 16, 2026",6:49 PM,Paid to Moraya Snacks Center ,T2604161848555273292382,909685590488,DEBIT,Paid by XXXXX0083,70
"Apr 16, 2026",6:08 PM,Received from P  Harikrishnan,T2604161808495889899384,610687850028,CREDIT,Credited to XXXXXXXXXX1320,50
"Apr 16, 2026",6:04 PM,Paid to RAVINDRA PRAMOD BALI,T2604161804137385502312,507196028122,DEBIT,Paid by XXXXX0083,71
"Apr 16, 2026",5:34 PM,Paid to TIKONA DAIRY AND FARM,T2604161734204435267883,491459430307,DEBIT,Paid by XXXXX0083,4
"Apr 16, 2026",4:56 PM,Paid to PUNE METRO CCA DR WA,T2604161656495967426260,799409494450,DEBIT,Paid by XXXXX0083,22.5
"Apr 16, 2026",10:06 AM,Paid to IRCTC ETICKETING,T2604161006509692571202,470157710192,DEBIT,Paid by XXXXX0083,1954.05
"Apr 16, 2026",10:05 AM,Received from MANOJ CHANDMAL KOTHARI,T2604161005166216871549,121672161699,CREDIT,Credited to XXXXX0083,2000
"Apr 15, 2026",8:39 PM,Paid to SAVITRIBAI PHULE PUNE UNIVERSITY,T2604152039348568232056,719229037643,DEBIT,Paid by XXXXX0083,1195
"Apr 15, 2026",5:47 PM,Paid to Rushikesh FC,T2604151747100738072503,435044551078,DEBIT,Paid by XXXXX0083,230
"Apr 15, 2026",7:47 AM,Mobile recharged 8055022181,NB26041507471075342807642,951232059456,DEBIT,Paid by XXXXX0083,39
"Apr 14, 2026",11:48 PM,Paid to Rafeeque Ahmad Niyaz Mohammed Qazi,T2604142348488922879698,567529782678,DEBIT,Paid by XXXXX0083,100
"Apr 14, 2026",5:29 PM,Paid to GAIKWAD VANITA KAILAS,T2604141729447474173100,118402577679,DEBIT,Paid by XXXXX0083,10
"Apr 14, 2026",4:37 PM,Paid to ASHOK UTTAM LAHANE,T2604141637280531711576,589725531945,DEBIT,Paid by XXXXX0083,23
"Apr 14, 2026",10:51 AM,Paid to Aditya Kirana,T2604141051005697221135,957698641057,DEBIT,Paid by XXXXX0083,30
"Apr 14, 2026",10:48 AM,Paid to shakunta petroleum,T2604141048115316869451,663402274840,DEBIT,Paid by XXXXX0083,303
"Apr 14, 2026",10:45 AM,Received from Mommy,T2604141045094417937059,784198697366,CREDIT,Credited to XXXXX0083,315
"Apr 14, 2026",10:36 AM,Mobile recharged 8055022181,NB26041410364263339345922,236467959407,DEBIT,Paid by XXXXX0083,10
"Apr 14, 2026",10:31 AM,Electricity bill paid 049084162484,NB26041410311303479524542,692132883574,DEBIT,Paid by XXXXX0083,3753
"Apr 13, 2026",8:28 PM,Paid to Radhika Kirana And General Stores,T2604132028040682328818,894639399421,DEBIT,Paid by XXXXX0083,10
"Apr 12, 2026",10:10 PM,Paid to Aditya Kirana,T2604122210221883895842,353117242419,DEBIT,Paid by XXXXX0083,80
"Apr 12, 2026",3:23 PM,Paid to RUSHIKESH SUDHAKAR  JAGTAP,T2604121523104803058969,352618504829,DEBIT,Paid by XXXXXXXXXX1320,20000
"Apr 12, 2026",3:21 PM,Received from DREAMPLUG TECHNOLOGIES PRIVATE LIMI,T2604121521327232668328,610223125525,CREDIT,Credited to XXXXXXXXXX1320,20000
"Apr 12, 2026",10:33 AM,Paid to SAIKRUPA MENS PARLOUR,T2604121033033194609717,817143109736,DEBIT,Paid by XXXXX0083,130
"Apr 12, 2026",9:52 AM,Received from Manoj Chandmal Kothari,T2604120952225375373010,610285805886,CREDIT,Credited to XXXXX0083,5000
"Apr 12, 2026",9:02 AM,Paid to JIO,T2604120902449874257368,547589359519,DEBIT,Paid by XXXXXXXXXX1320,39
"Apr 12, 2026",8:59 AM,Paid to Swiggy Limited,T2604120858488050636538,335564451915,DEBIT,Paid by XXXXXXXXXX1320,24
"Apr 12, 2026",8:42 AM,Received from Mommy,T2604120842308382034231,24337154012,CREDIT,Credited to XXXXX0083,1000
"Apr 11, 2026",9:52 PM,Paid to MANGESH ARMY STATIONARY AND GENERAL STOREu,T2604112152402014082224,266944425069,DEBIT,Paid by XXXXXXXXXX1320,25
"Apr 11, 2026",9:50 PM,Paid to Shakunta Petroleum HPCL,T2604112150171673226069,734036112428,DEBIT,Paid by XXXXXXXXXX1320,100
"Apr 11, 2026",8:59 PM,Paid to Manisha Annasaheb Gaikawad,T2604112059284306652308,264270190911,DEBIT,Paid by XXXXXXXXXX1320,20
"Apr 11, 2026",8:17 PM,Paid to SAMSONS HARDWARE,T2604112017011168334862,81137893660,DEBIT,Paid by XXXXX0083,20
"Apr 11, 2026",4:50 PM,Paid to Harikrishnan FC,T2604111650104729793941,550182896712,DEBIT,Paid by XXXXXXXXXX1320,1000
"Apr 11, 2026",3:25 PM,Paid to NIARA MEDICAL,T2604111525400142032900,220171439882,DEBIT,Paid by XXXXX0083,24
"Apr 11, 2026",10:37 AM,Paid to JAY JANARDAN VADAPAV STALL,T2604111037452172070759,194905598157,DEBIT,Paid by XXXXX0083,45
"Apr 11, 2026",10:33 AM,Paid to SHREE GANESH MISAL,T2604111033199215849469,406246134487,DEBIT,Paid by XXXXX0083,70
"Apr 10, 2026",10:10 PM,Paid to Aditya Kirana,T2604102210442698746765,387319503414,DEBIT,Paid by XXXXX0083,50
"Apr 10, 2026",4:20 PM,Electricity bill paid 160268640166,NB26041016203077045121442,943829065828,DEBIT,Paid by XXXXX0083,233
"Apr 10, 2026",4:19 PM,Paid to Vijay Kumbare,T2604101619223867374794,550029772858,DEBIT,Paid by XXXXX0083,8500
"Apr 10, 2026",1:59 PM,Received from PRASAD POPAT GAIKWAD,T2604101359343049907415,203694948724,CREDIT,Credited to XXXXX0083,2910
"Apr 10, 2026",9:12 AM,Paid to ALI AKBAR,T2604100912193957334976,761753175053,DEBIT,Paid by XXXXXXXXXX1320,30
"Apr 09, 2026",10:30 PM,Paid to Om sai sushila gift and general store,T2604092230013614191108,547387526133,DEBIT,Paid by XXXXXXXXXX1320,11
"Apr 09, 2026",10:16 PM,Paid to Surbhi Pan Stall,T2604092216115643812068,465486705513,DEBIT,Paid by XXXXXXXXXX1320,2
"Apr 09, 2026",9:44 PM,Paid to IRCTC ETICKETING,T2604092144037564934662,805471610611,DEBIT,Paid by XXXXXXXXXX1320,237.25
"Apr 09, 2026",8:52 PM,Paid to PARTH MEDIX,T2604092052265970279433,995527087896,DEBIT,Paid by XXXXX0083,100
"Apr 09, 2026",8:14 PM,Paid to Aditya Kirana,T2604092014225208066347,650497390249,DEBIT,Paid by XXXXX0083,50
"Apr 09, 2026",6:19 PM,Received from Mommy,T2604091819170693006479,948593024588,CREDIT,Credited to XXXXX0083,5000
"Apr 09, 2026",10:08 AM,Paid to IRCTC ETICKETING,T2604091008113635423917,454855933423,DEBIT,Paid by XXXXX0083,2099.05
"Apr 08, 2026",9:58 AM,Paid to PUNE METRO CCA DR WA,T2604080958283196427611,271512093249,DEBIT,Paid by XXXXXXXXXX1320,22.5
"Apr 08, 2026",8:25 AM,Paid to Xshitij Mall,T2604080825156322998605,173821080648,DEBIT,Paid by XXXXXXXXXX1320,130
"Apr 07, 2026",10:46 PM,Paid to NIMBRE SANKET SANTOSH,T2604072246017293321883,494615154973,DEBIT,Paid by XXXXXXXXXX1320,162
"Apr 07, 2026",9:09 PM,Paid to IRCTC Rail Web,T2604072109160474563891,473674759775,DEBIT,Paid by XXXXX0083,147.25
"Apr 07, 2026",8:33 PM,Paid to DEVANSH ENTERPRISE,T2604072032542305430324,632921316733,DEBIT,Paid by XXXXX0083,50
"Apr 07, 2026",6:11 PM,Paid to Moraya Snacks Center ,T2604071811144311996708,949933080270,DEBIT,Paid by XXXXX0083,5
"Apr 07, 2026",12:44 PM,Paid to PUNE METRO CCA DR WA,T2604071243561746527584,690312757506,DEBIT,Paid by XXXXX0083,13.5
"Apr 07, 2026",11:01 AM,Paid to IRCTC,T2604071101447426067768,254696667198,DEBIT,Paid by XXXXX0083,657.25
"Apr 06, 2026",11:30 PM,Paid to Xshitij Mall,T2604062330175797365215,833551260826,DEBIT,Paid by XXXXX0083,56
"Apr 06, 2026",8:29 PM,Paid to MAD CHICKEN VADAPAO,T2604062029502522740005,113448219833,DEBIT,Paid by XXXXX0083,20
"Apr 06, 2026",7:21 PM,Paid to Moraya Snacks Center ,T2604061920427476805834,227090773420,DEBIT,Paid by XXXXX0083,30
"Apr 06, 2026",7:18 PM,Paid to A1 Vadapav Centre 2,T2604061918321977763572,978553835245,DEBIT,Paid by XXXXX0083,10
"Apr 06, 2026",7:18 PM,Paid to A1 Vadapav Centre 2,T2604061918064047718504,496693349100,DEBIT,Paid by XXXXX0083,40
"Apr 05, 2026",10:51 PM,Received from KSHITIJ MALL,T2604052251565841126974,203388618223,CREDIT,Credited to XXXXX0083,150
"Apr 05, 2026",10:17 PM,Paid to ZOMATO,T2604052217076456941183,754623563006,DEBIT,Paid by XXXXX0083,114
"Apr 05, 2026",10:06 AM,Paid to Moraya Snacks Center ,T2604051006300680671134,126884018460,DEBIT,Paid by XXXXX0083,12
"Apr 05, 2026",9:24 AM,Paid to RUSHIKESH SUDHAKAR  JAGTAP,T2604050924008836938889,368948060198,DEBIT,Paid by XXXXX0083,666
"Apr 04, 2026",7:53 PM,Received from Ashwajit Devendra Ubale,T2604041953458367718919,609412600430,CREDIT,Credited to XXXXXXXXXX1320,1750
"Apr 04, 2026",7:53 PM,Paid to Trinity Wine,T2604041952589105851080,304152660857,DEBIT,Paid by XXXXX0083,1750
"Apr 04, 2026",7:44 PM,Paid to Blinkit,T2604041944421716116498,754242787863,DEBIT,Paid by XXXXX0083,487
"Apr 04, 2026",6:04 PM,Received from KSHITIJ MALL,T2604041804446563890917,602156758531,CREDIT,Credited to XXXXX0083,2900
"Apr 04, 2026",2:03 PM,Transfer to XXXXX0083,T2604041403460316784233,300273367354,DEBIT,Paid by XXXXXXXXXX1320,450
"Apr 04, 2026",12:25 PM,Received from Mommy,T2604041225034003055824,960594987028,CREDIT,Credited to XXXXX0083,1750
"Apr 04, 2026",12:20 PM,Paid to IRCTC,T2604041220246848088336,969902951332,DEBIT,Paid by XXXXXXXXXX1320,1754.5
"Apr 04, 2026",9:28 AM,Paid to RAMESH PATEL,T2604040928298785209467,249099785091,DEBIT,Paid by XXXXXXXXXX1320,55
"Apr 04, 2026",8:50 AM,Paid to PUNE METRO CCA DR WA,T2604040850230478019816,803061741148,DEBIT,Paid by XXXXXXXXXX1320,10.5
"Apr 03, 2026",7:38 PM,Paid to ZOMATO,T2604031938483987000146,886298081714,DEBIT,Paid by XXXXXXXXXX1320,51.6
"Apr 03, 2026",5:18 PM,Paid to TIKONA DAIRY AND FARM,T2604031718050774492375,906150977663,DEBIT,Paid by XXXXXXXXXX1320,5
"Apr 03, 2026",1:48 PM,Paid to ZOMATO,T2604031348172271268796,76632816430,DEBIT,Paid by XXXXXXXXXX1320,116
"Apr 03, 2026",11:47 AM,Paid to RAM MARKET,T2604031147556332994937,826076680999,DEBIT,Paid by XXXXXXXXXX1320,24
"Apr 03, 2026",2:15 AM,Paid to JAYMALHAR UPHAR GRUH,T2604030215500310967132,452924257229,DEBIT,Paid by XXXXXXXXXX1320,90
"Apr 03, 2026",2:13 AM,Paid to AVINASH BALASAHEB SATPUTE,T2604030213262182906140,293382604924,DEBIT,Paid by XXXXXXXXXX1320,10
"Apr 03, 2026",12:09 AM,Paid to Xshitij Mall,T2604030009173051596877,775951489654,DEBIT,Paid by XXXXXXXXXX1320,500
"Apr 02, 2026",10:32 PM,Paid to Rahul Bakery,T2604022232337137413465,252374292761,DEBIT,Paid by XXXXXXXXXX1320,75
"Apr 02, 2026",9:56 PM,Paid to Mr  ATISH SAKHARAM S,T2604022156317539822051,571389453183,DEBIT,Paid by XXXXXXXXXX1320,55
"Apr 02, 2026",7:25 PM,Paid to Durvesh,T2604021925323862624130,972270334315,DEBIT,Paid by XXXXXXXXXX1320,10
"Apr 02, 2026",6:06 PM,Received from KSHITIJ MALL,T2604021806245128552697,602038476826,CREDIT,Credited to XXXXX0083,49
"Apr 02, 2026",5:15 PM,Paid to Rahul Bakery,T2604021715491469569351,381518871796,DEBIT,Paid by XXXXXXXXXX1320,20
"Apr 02, 2026",5:09 PM,Paid to SHIV KAILAS ICECREAM CENTER,T2604021709336610933082,374998976174,DEBIT,Paid by XXXXXXXXXX1320,50
"Apr 01, 2026",10:23 PM,Paid to BBNOW,T2604012223054628637683,834559610474,DEBIT,Paid by XXXXXXXXXX1320,171.4
"Apr 01, 2026",9:41 PM,Paid to TIKONA DAIRY AND FARM,T2604012141295772625930,940633745345,DEBIT,Paid by XXXXXXXXXX1320,20
"Apr 01, 2026",8:45 PM,Received from ******8395,T2604012045206971374626,283824800166,CREDIT,Credited to XXXXX0083,500
"Apr 01, 2026",3:05 PM,Paid to Bhumika Narayani,T2604011505498500719134,620638988774,DEBIT,Paid by XXXXXXXXXX1320,500
"Apr 01, 2026",2:00 PM,Paid to King Momoswala,T2604011400511736581523,901335595346,DEBIT,Paid by XXXXXXXXXX1320,160
"Apr 01, 2026",1:21 PM,Paid to VIJAY SALES KOTHRUD,T2604011321282252857075,459202500465,DEBIT,Paid by XXXXXXXXXX1320,32990
"Mar 31, 2026",11:13 PM,Paid to NAND CHAT CORNER,T2603312313038782152767,597848583999,DEBIT,Paid by XXXXXXXXXX1320,13
"Mar 31, 2026",8:13 PM,Paid to Zepto Marketplace Private Limited,T2603312012586219382885,698594402703,DEBIT,Paid by XXXXXXXXXX1320,213
"Mar 31, 2026",7:03 PM,Paid to Patil Doctor,T2603311903514686224753,376593504050,DEBIT,Paid by XXXXXXXXXX1320,500
"Mar 31, 2026",5:56 PM,Paid to Moraya Snacks Center ,T2603311756439921588759,503480625087,DEBIT,Paid by XXXXX0083,50
"Mar 31, 2026",5:56 PM,Paid to Moraya Snacks Center ,T2603311756085104965128,81379543193,DEBIT,Paid by XXXXX0083,60
"Mar 31, 2026",5:36 PM,Paid to Mommy,T2603311736542511939640,419374254453,DEBIT,Paid by XXXXXXXXXX1320,25000
"Mar 30, 2026",9:27 PM,Paid to Zepto Marketplace Private Limited,T2603302127006791873723,219818126269,DEBIT,Paid by XXXXXXXXXX1320,113
"Mar 30, 2026",5:51 PM,Paid to TIKONA DAIRY AND FARM,T2603301751169267401676,467581846733,DEBIT,Paid by XXXXX0083,30
"Mar 30, 2026",5:41 PM,Paid to Moraya Snacks Center ,T2603301741155973769419,845924166273,DEBIT,Paid by XXXXX0083,40
"Mar 30, 2026",2:02 PM,Paid to Swiggy Ltd,T2603301402145629643833,425413068722,DEBIT,Paid by XXXXX0083,162
"Mar 29, 2026",9:49 PM,Paid to Zomatofood,T2603292149437380338421,307749400184,DEBIT,Paid by XXXXX0083,140
"Mar 29, 2026",7:35 PM,Paid to TIKONA DAIRY AND FARM,T2603291935132902099455,543887073427,DEBIT,Paid by XXXXX0083,30
"Mar 29, 2026",4:00 PM,Paid to Siddhivinayak Super Market,T2603291600521345873719,153271113282,DEBIT,Paid by XXXXX0083,20
"Mar 29, 2026",3:36 PM,Paid to MEMANE PAN SHOP,T2603291536330006619766,256219920676,DEBIT,Paid by XXXXX0083,13
"Mar 29, 2026",1:13 PM,Paid to Mohd Ayan Ansari,T2603291313014280650168,692885071528,DEBIT,Paid by XXXXX0083,40
"Mar 29, 2026",1:11 PM,Paid to MORYA SNACKS,T2603291311405099514233,449132224964,DEBIT,Paid by XXXXX0083,75
"Mar 28, 2026",7:53 PM,Paid to Angara biryani ,T2603281953549191428365,334994996255,DEBIT,Paid by XXXXX0083,120
"Mar 28, 2026",2:36 PM,Paid to Laxmi treding company ,T2603281436007337835806,26131483209,DEBIT,Paid by XXXXX0083,60
"Mar 28, 2026",2:32 PM,Paid to PANDURANGGANGARAMMORE,T2603281432051294052675,124864875009,DEBIT,Paid by XXXXX0083,26
"Mar 28, 2026",11:50 AM,Paid to RAMESH PATEL,T2603281150103366703230,351695788895,DEBIT,Paid by XXXXX0083,15
"Mar 28, 2026",12:23 AM,Paid to Zepto Marketplace Private Limi,T2603280023298026559476,763134878349,DEBIT,Paid by XXXXX0083,168
"Mar 28, 2026",12:08 AM,Received from PRASAD POPAT GAIKWAD,T2603280008029920623557,608715702407,CREDIT,Credited to XXXXX0083,147
"Mar 27, 2026",1:34 PM,Paid to PRASAD POPAT GAIKWAD,T2603271334498519391298,983277957127,DEBIT,Paid by XXXXX0083,100
"Mar 27, 2026",12:24 PM,Paid to AMARDEEP MARKET,T2603271224232060190373,261242023577,DEBIT,Paid by XXXXX0083,40
"Mar 27, 2026",10:26 AM,Paid to Krishna General Store,T2603271026492225080172,425167585383,DEBIT,Paid by XXXXX0083,20
"Mar 26, 2026",9:17 PM,Paid to A1 Vadapav Centre 2,T2603262117083104984660,200765694345,DEBIT,Paid by XXXXX0083,70
"Mar 26, 2026",5:53 PM,Paid to RAM MARKET,T2603261753358881152906,84375249575,DEBIT,Paid by XXXXX0083,24
"Mar 26, 2026",5:51 PM,Paid to Moraya Snacks Center ,T2603261751337375428775,974695804309,DEBIT,Paid by XXXXX0083,10
"Mar 26, 2026",1:30 PM,Paid to MORE PROVISION STORE,T2603261330378530056168,521287953286,DEBIT,Paid by XXXXX0083,57
"Mar 25, 2026",8:40 PM,Paid to ZOMATO,T2603252040287001338105,134333654026,DEBIT,Paid by XXXXX0083,94
"Mar 25, 2026",8:39 PM,Paid to ZOMATO,T2603252039086469954599,396550146681,DEBIT,Paid by XXXXX0083,94.02
"Mar 25, 2026",5:59 PM,Paid to RAM MARKET,T2603251758591044092160,742904079014,DEBIT,Paid by XXXXX0083,14
"Mar 24, 2026",8:57 PM,Paid to ZOMATO,T2603242057182952924110,103887937788,DEBIT,Paid by XXXXX0083,94
"Mar 24, 2026",8:15 PM,Paid to PRASAD POPAT GAIKWAD,T2603242015009994860646,875617037309,DEBIT,Paid by XXXXX0083,150
"Mar 24, 2026",6:02 PM,Paid to RAM MARKET,T2603241802028912924149,756929682164,DEBIT,Paid by XXXXX0083,24
"Mar 24, 2026",1:15 PM,Paid to Ashwajit Devendra Ubale,T2603241315182666127814,296906678342,DEBIT,Paid by XXXXX0083,30
"Mar 23, 2026",7:42 PM,Paid to ZOMATO,T2603231942038652595497,768601574863,DEBIT,Paid by XXXXX0083,151
"Mar 23, 2026",8:25 AM,Paid to PRASAD POPAT GAIKWAD,T2603230825146138237745,33031131494,DEBIT,Paid by XXXXX0083,50
"Mar 22, 2026",9:04 PM,Paid to DALA RAM GHANCHI SO BHANWAR LAL GHANCHI,T2603222104413362660360,466488701702,DEBIT,Paid by XXXXX0083,20
"Mar 22, 2026",7:38 PM,Paid to Amima Caterers,T2603221938191842128369,739043520103,DEBIT,Paid by XXXXX0083,130
"Mar 22, 2026",7:37 PM,Paid to Royal pan shop,T2603221937336350906910,4455611093,DEBIT,Paid by XXXXX0083,20
"Mar 21, 2026",9:20 PM,Paid to TIKONA DAIRY AND FARM,T2603212120382393530534,163886221394,DEBIT,Paid by XXXXX0083,20
"Mar 21, 2026",3:57 PM,Paid to ZEPTO MARKETPLACE PRIVATE LIMITED,T2603211557463706631850,528096001587,DEBIT,Paid by XXXXX0083,33
"Mar 21, 2026",3:55 PM,Paid to ZEPTO MARKETPLACE PRIVATE LIMITED,T2603211555357198316808,885633912374,DEBIT,Paid by XXXXX0083,125
"Mar 21, 2026",9:24 AM,Paid to Moraya Snacks Center ,T2603210924495964341488,439868363256,DEBIT,Paid by XXXXX0083,16
"Mar 20, 2026",6:01 PM,Paid to RAM MARKET,T2603201801343629176971,713530795744,DEBIT,Paid by XXXXX0083,24
"Mar 20, 2026",12:18 PM,Paid to Harikrishnan FC,T2603201218356660465153,112981621391,DEBIT,Paid by XXXXX0083,300
"Mar 19, 2026",9:23 PM,Paid to TIKONA DAIRY AND FARM,T2603192123375579950267,318580565053,DEBIT,Paid by XXXXX0083,20
"Mar 19, 2026",8:58 PM,Paid to ZOMATO,T2603192058002995847743,291288616131,DEBIT,Paid by XXXXXXXXXX1320,94
"Mar 19, 2026",5:31 PM,Paid to A1 Vadapav Centre 2,T2603191730367863474686,134495661327,DEBIT,Paid by XXXXX0083,60
"Mar 19, 2026",10:13 AM,Paid to RUSHIKESH SUDHAKAR  JAGTAP,T2603191013255350409340,735847618287,DEBIT,Paid by XXXXXXXXXX1320,12000
"Mar 19, 2026",10:10 AM,Received from DREAMPLUG TECHNOLOGIES PRIVATE LIMI,T2603191010160996827035,607822067431,CREDIT,Credited to XXXXXXXXXX1320,12000
"Mar 18, 2026",9:58 PM,Paid to ZEPTO MARKETPLACE PRIVATE LIMITED,T2603182158412952861098,569072134776,DEBIT,Paid by XXXXX0083,104
"Mar 18, 2026",6:44 PM,Paid to ZOMATO,T2603181844209220051308,12111254937,DEBIT,Paid by XXXXX0083,90.91
"Mar 18, 2026",5:50 PM,Paid to RAM MARKET,T2603181750382454526908,699995337821,DEBIT,Paid by XXXXX0083,24
"Mar 18, 2026",11:02 AM,Paid to IRCTC ETICKETING,T2603181102051812233579,191989802628,DEBIT,Paid by XXXXX0083,1042.7
"Mar 17, 2026",10:15 PM,Received from PRASAD POPAT GAIKWAD,T2603172215395524840791,607604025577,CREDIT,Credited to XXXXX0083,60
"Mar 17, 2026",10:13 PM,Paid to Zepto,T2603172213274130118385,545849011581,DEBIT,Paid by XXXXX0083,145
"Mar 17, 2026",7:19 PM,Paid to ZOMATO LTD,T2603171919030907259416,699401980565,DEBIT,Paid by XXXXX0083,129.35
"Mar 17, 2026",7:15 PM,Paid to Harikrishnan FC,T2603171915274689331428,322304797544,DEBIT,Paid by XXXXXXXXXX1320,4900
"Mar 17, 2026",6:00 PM,Paid to RAM MARKET,T2603171800400573447203,469295718209,DEBIT,Paid by XXXXX0083,14
"Mar 17, 2026",11:02 AM,Paid to IRCTC ETICKETING,T2603171102131642542938,784090664709,DEBIT,Paid by XXXXX0083,132.25
"Mar 16, 2026",9:38 PM,Paid to ZOMATO LIMITED,T2603162138553997839990,489992423152,DEBIT,Paid by XXXXX0083,91
"Mar 16, 2026",6:07 PM,Paid to Moraya Snacks Center ,T2603161807050000644707,682031825052,DEBIT,Paid by XXXXX0083,25
"Mar 16, 2026",11:16 AM,Paid to Shubham dada Appzen,T2603161116094933936198,536133773614,DEBIT,Paid by XXXXX0083,15
"Mar 15, 2026",10:41 PM,Paid to Harikrishnan FC,T2603152241485607727961,86777632051,DEBIT,Paid by XXXXX0083,20
"Mar 15, 2026",7:51 PM,Received from Ashwajit Devendra Ubale,T2603151951298053025660,607423946390,CREDIT,Credited to XXXXXXXXXX1320,4900
"Mar 15, 2026",6:57 PM,Paid to SUNEEL NISAD,T2603151857263630341374,645634915610,DEBIT,Paid by XXXXX0083,33
"Mar 15, 2026",11:21 AM,Paid to PRASAD POPAT GAIKWAD,T2603151121449877269820,983328896056,DEBIT,Paid by XXXXX0083,191
"Mar 15, 2026",12:51 AM,Paid to ZEPTO MARKETPLACE PRIVATE LIMITED,T2603150051013927221176,664122420429,DEBIT,Paid by XXXXXXXXXX1320,151
"Mar 14, 2026",2:06 PM,Paid to EATCLUB,T2603141406332507803669,809516327555,DEBIT,Paid by XXXXX0083,146
"Mar 14, 2026",9:04 AM,Paid to RAM MARKET,T2603140904530284591094,4839467168,DEBIT,Paid by XXXXXXXXXX1320,38
"Mar 13, 2026",10:33 PM,Paid to Shivpratap pan shop,T2603132233037321976869,630446294918,DEBIT,Paid by XXXXX0083,13
"Mar 13, 2026",9:05 PM,Paid to SARWESH ENTERPRISES,T2603132105133286863199,946868758880,DEBIT,Paid by XXXXX0083,37
"Mar 13, 2026",1:45 PM,Paid to RUSHIKESH SUDHAKAR  JAGTAP,T2603131345115443409066,852262389795,DEBIT,Paid by XXXXXXXXXX1320,20000
"Mar 13, 2026",1:44 PM,Paid to IRCTC ETICKETING,T2603131344312810321213,833670095832,DEBIT,Paid by XXXXX0083,879.05
"Mar 13, 2026",12:58 PM,Received from DREAMPLUG TECHNOLOGIES PRIVATE LIMI,T2603131258501965025879,607222130373,CREDIT,Credited to XXXXXXXXXX1320,20000
"Mar 13, 2026",10:27 AM,Paid to MORE PROVISION STORE,T2603131027025997833058,766517088843,DEBIT,Paid by XXXXX0083,30
"Mar 13, 2026",9:32 AM,Paid to Xshitij Mall,T2603130932209646741588,653809941918,DEBIT,Paid by XXXXX0083,500
"Mar 12, 2026",7:46 PM,Paid to SWIGGY,T2603121946519711118911,896492117745,DEBIT,Paid by XXXXXXXXXX1320,193
"Mar 11, 2026",8:19 PM,Paid to Amima Caterers,T2603112019354313170265,424336219351,DEBIT,Paid by XXXXXXXXXX1320,80
"Mar 11, 2026",6:31 PM,Paid to RAM MARKET,T2603111831256723729762,357149029801,DEBIT,Paid by XXXXXXXXXX1320,39
"Mar 11, 2026",4:28 PM,Paid to MORE PROVISION STORE,T2603111628059380807284,371803401630,DEBIT,Paid by XXXXXXXXXX1320,30
"Mar 10, 2026",11:25 PM,Paid to RUSHIKESH SUDHAKAR  JAGTAP,T2603102325184864517443,378755558294,DEBIT,Paid by XXXXXXXXXX1320,9000
"Mar 10, 2026",11:24 PM,Received from DREAMPLUG TECHNOLOGIES PRIVATE LIMI,T2603102324307407616408,606923357547,CREDIT,Credited to XXXXXXXXXX1320,9000
"Mar 10, 2026",10:37 PM,Paid to TIKONA DAIRY AND FARM,T2603102237540473319309,291010390587,DEBIT,Paid by XXXXX0083,50
"Mar 10, 2026",9:32 PM,Paid to BHOJ POOJA ARJUN,T2603102132213624417617,628851587793,DEBIT,Paid by XXXXX0083,70
"Mar 10, 2026",8:08 PM,Paid to Moraya Snacks Center ,T2603102007597364189988,825674785886,DEBIT,Paid by XXXXX0083,70
"Mar 10, 2026",5:49 PM,Paid to RAM MARKET,T2603101749392204189014,670375661034,DEBIT,Paid by XXXXX0083,36
"Mar 09, 2026",7:29 PM,Paid to Chand Babu Sah,T2603091929399523327173,935408095520,DEBIT,Paid by XXXXX0083,80
"Mar 09, 2026",5:36 PM,Paid to Moraya Snacks Center ,T2603091736076753276655,44677123412,DEBIT,Paid by XXXXX0083,30
"Mar 09, 2026",2:38 PM,Paid to Pune tea centre,T2603091438479651947291,471073673798,DEBIT,Paid by XXXXX0083,15
"Mar 09, 2026",10:52 AM,Paid to Vijay Kumbare,T2603091052311863098982,399412321031,DEBIT,Paid by XXXXX0083,8500
"Mar 09, 2026",10:52 AM,Electricity bill paid 160268640166,NB26030910515766502859412,295152600378,DEBIT,Paid by XXXXX0083,233
"Mar 08, 2026",9:52 PM,Paid to DNYANDEO RAJESHWAR DAMBHARE,T2603082152287772349086,565411592400,DEBIT,Paid by XXXXX0083,175
"Mar 08, 2026",8:20 PM,Paid to RAVI JADHAV-KOTHRUD PETROL CIRCLE,T2603082020278365122191,678490916054,DEBIT,Paid by XXXXX0083,500
"Mar 08, 2026",3:28 PM,Paid to Laxmi Trending,T2603081528101027680819,567230974803,DEBIT,Paid by XXXXX0083,40
"Mar 07, 2026",5:26 PM,Received from Mommy,T2603071726161315617486,817365438156,CREDIT,Credited to XXXXX0083,7000
"Mar 07, 2026",9:43 AM,Paid to Harikrishnan FC,T2603070943404932584975,480991641820,DEBIT,Paid by XXXXX0083,40
"Mar 07, 2026",8:47 AM,Paid to Pune tea centre,T2603070847176717590771,106008886082,DEBIT,Paid by XXXXX0083,28
"Mar 07, 2026",8:23 AM,Paid to Xshitij Mall,T2603070822584556830787,702221504339,DEBIT,Paid by XXXXX0083,68
"Mar 07, 2026",7:54 AM,Received from PRASAD POPAT GAIKWAD,T2603070754133266913884,600477222714,CREDIT,Credited to XXXXX0083,2911
"Mar 06, 2026",12:50 AM,Paid to Zepto,T2603060050016823706805,869318101552,DEBIT,Paid by XXXXX0083,156
"Mar 05, 2026",3:24 PM,Paid to Yogesh Bakery,T2603051524363615418355,439720720733,DEBIT,Paid by XXXXX0083,30
"Mar 05, 2026",2:06 PM,Paid to MORE PROVISION STORE,T2603051406024654245422,884983668749,DEBIT,Paid by XXXXX0083,20
"Mar 05, 2026",12:08 PM,Paid to VARAD RAGHVENDRA BHANAP,T2603051208114625464273,985781082329,DEBIT,Paid by XXXXX0083,500
"Mar 04, 2026",11:47 PM,Paid to Xshitij Mall,T2603042347321778426768,928400607731,DEBIT,Paid by XXXXX0083,70
"Mar 04, 2026",7:06 PM,Received from KSHITIJ MALL,T2603041906377545749883,398336327903,CREDIT,Credited to XXXXX0083,2900
"Mar 03, 2026",9:58 PM,Paid to Zepto Marketplace Private Limited,T2603032158559437315736,948194010379,DEBIT,Paid by XXXXX0083,228
"Mar 03, 2026",7:06 PM,Paid to PRASAD POPAT GAIKWAD,T2603031906071085457505,852172138993,DEBIT,Paid by XXXXX0083,51
"Mar 03, 2026",12:49 PM,Paid to Harikrishnan FC,T2603031249472513765196,990105156158,DEBIT,Paid by XXXXX0083,311
"Mar 03, 2026",12:46 PM,Paid to Sagar Appzen,T2603031246334438253285,589172825912,DEBIT,Paid by XXXXX0083,500
"Mar 03, 2026",12:46 PM,Paid to Sagar Appzen,T2603031246141403363550,728580439675,DEBIT,Paid by XXXXX0083,853
"Mar 02, 2026",8:12 PM,Paid to ZOMATO,T2603022012177811258112,599386249940,DEBIT,Paid by XXXXX0083,146
"Mar 01, 2026",9:15 PM,Paid to Zepto Marketplace Private Limited,T2603012115289078309835,78630297150,DEBIT,Paid by XXXXX0083,125
"Mar 01, 2026",6:37 PM,Paid to Swiggy,T2603011836287370990286,919530668255,DEBIT,Paid by XXXXX0083,141
"Mar 01, 2026",10:27 AM,Paid to Ashwajit Devendra Ubale,T2603011027142132677877,723720473211,DEBIT,Paid by XXXXX0083,100
"Feb 28, 2026",1:08 PM,Paid to DALA RAM GHANCHI SO BHANWAR LAL GHANCHI,T2602281308456842158831,430398507447,DEBIT,Paid by XXXXX0083,60
"Feb 28, 2026",11:01 AM,Paid to autope payment solutions private limited,T2602281101421711333317,331751486739,DEBIT,Paid by XXXXX0083,437.25
"Feb 28, 2026",9:45 AM,Paid to autope payment solutions private limited,ASU8YGVX3Kxv5wT1L4ICAsKeQgCDJTVSXIm,108847672808,DEBIT,Paid by XXXXX0083,2754.95
"Feb 28, 2026",9:05 AM,Paid to IRCTC ETICKETING,NPLD876A3CE5C184C83A618D2E8295604FA,49890928394,DEBIT,Paid by XXXXX0083,2649.95
"Feb 28, 2026",8:55 AM,Received from Manoj Chandmal Kothari,T2602280855349506695120,605943269707,CREDIT,Credited to XXXXX0083,5000
"Feb 27, 2026",10:43 PM,Paid to Ashwajit Devendra Ubale,T2602272243221605787380,872903798096,DEBIT,Paid by XXXXX0083,120
"Feb 27, 2026",7:59 PM,Paid to Rahul Bakery,T2602271959135161906468,564581698495,DEBIT,Paid by XXXXX0083,24
"Feb 27, 2026",10:48 AM,Paid to autope payment solutions private limited,ASUO9gltekKCzeo5tga13nF6SfpKwvLz59T,516841060377,DEBIT,Paid by XXXXX0083,5078.6
"Feb 27, 2026",10:40 AM,Received from Manoj Chandmal Kothari,T2602271040487793282892,605893728778,CREDIT,Credited to XXXXX0083,5500
"Feb 26, 2026",7:43 PM,Received from Mommy,T2602261942594647362958,568114418456,CREDIT,Credited to XXXXX0083,3000
"Feb 26, 2026",12:57 PM,Paid to Mr MANSING VIJAY MORE,T2602261257153252466570,609558359228,DEBIT,Paid by XXXXX0083,120
"Feb 26, 2026",12:13 PM,Received from DATTATRAY KARBHARI BORADE,T2602261213492596498728,119174660926,CREDIT,Credited to XXXXX0083,220
"Feb 26, 2026",12:05 PM,Paid to autope payment solutions private limited,T2602261205470442757797,725391860726,DEBIT,Paid by XXXXX0083,112.7
"Feb 25, 2026",9:34 PM,Paid to ZEPTONOW,T2602252134139930054770,184333765148,DEBIT,Paid by XXXXX0083,191
"Feb 25, 2026",9:03 PM,Received from PRASAD POPAT GAIKWAD,T2602252103006573981985,605658223966,CREDIT,Credited to XXXXX0083,600
"Feb 25, 2026",9:02 PM,Paid to Swiggy Ltd,T2602252102489638124904,172128426205,DEBIT,Paid by XXXXX0083,204
"Feb 25, 2026",7:34 PM,Paid to autope payment solutions private limited,ASUGV9bXyRtYkNIyp46b4Ro3oo46EAUYKzQ,614482141717,DEBIT,Paid by XXXXX0083,343.15
"Feb 25, 2026",7:23 PM,Paid to autope payment solutions private limited,ASU6zdBIms1J7bx5FMGqCfGpA2cDK4EmqtJ,525617908611,DEBIT,Paid by XXXXX0083,1559.05
"Feb 25, 2026",7:15 PM,Paid to autope payment solutions private limited,ASUGTqTqwb9TbJqidXETGuXeevxw6nVlw7l,480518942299,DEBIT,Paid by XXXXX0083,3094.5
"Feb 25, 2026",6:12 PM,Paid to MORYA SNACKS,T2602251812244106430961,748564719206,DEBIT,Paid by XXXXX0083,46
"Feb 24, 2026",8:39 PM,Paid to Moraya Snacks Center ,T2602242039268422709168,592323947571,DEBIT,Paid by XXXXX0083,13
"Feb 24, 2026",12:59 PM,Paid to Krushna Mogal,T2602241259097033965137,731240565625,DEBIT,Paid by XXXXX0083,50
"Feb 24, 2026",12:50 PM,Paid to MORYA SNACKS,T2602241250189692016303,93163019042,DEBIT,Paid by XXXXX0083,41
"Feb 23, 2026",11:11 PM,Paid to SWIGGY,T2602232311356441233507,295335122580,DEBIT,Paid by XXXXX0083,136
"Feb 23, 2026",6:53 PM,Paid to 112PUNE 8 KOTHRUD,T2602231853050145321061,948795745937,DEBIT,Paid by XXXXX0083,28
"Feb 23, 2026",6:33 PM,Paid to EXCEL SERVICE CENTRE,T2602231833249568447755,938802968487,DEBIT,Paid by XXXXX0083,458
"Feb 23, 2026",12:59 PM,Paid to MORE PROVISION STORE,T2602231259543952747879,104693113618,DEBIT,Paid by XXXXX0083,20
"Feb 23, 2026",12:58 PM,Paid to Mr MANSING VIJAY MORE,T2602231258453536293484,367170823836,DEBIT,Paid by XXXXX0083,120
"Feb 23, 2026",12:51 PM,Received from Ashwajit Devendra Ubale,T2602231251448477344320,605430554412,CREDIT,Credited to XXXXX0083,120
"Feb 23, 2026",9:02 AM,Paid to PUNE METRO CCA DR WA,T2602230902012951834139,890697805299,DEBIT,Paid by XXXXX0083,13.5
"Feb 22, 2026",10:24 PM,Paid to Rakesh pan shop,T2602222224059257845061,68347845666,DEBIT,Paid by XXXXX0083,40
"Feb 22, 2026",10:21 PM,Paid to MAYURESH DINING HALL,T2602222221409627645197,517828940353,DEBIT,Paid by XXXXX0083,140
"Feb 22, 2026",11:31 AM,Paid to Zepto Marketplace Private Limited,T2602221131071086167122,779382619447,DEBIT,Paid by XXXXX0083,196
"Feb 22, 2026",3:20 AM,Paid to JMD Fast Food,T2602220320046857945609,243089176282,DEBIT,Paid by XXXXX0083,45
"Feb 21, 2026",11:16 PM,Paid to SHADOWFAX TECHNOLOGIES LIMITED,T2602212316481903033106,40708031742,DEBIT,Paid by XXXXX0083,193
"Feb 21, 2026",7:46 PM,Paid to MORYA SNACKS,T2602211946032137620501,388257305861,DEBIT,Paid by XXXXX0083,26
"Feb 20, 2026",8:56 PM,Paid to EATCLUB,T2602202056397328618358,473967115188,DEBIT,Paid by XXXXX0083,104
"Feb 20, 2026",5:29 PM,Paid to PRASAD POPAT GAIKWAD,T2602201729491075832239,738030181938,DEBIT,Paid by XXXXX0083,200
"Feb 20, 2026",1:38 PM,Refund from IRCTC Rail Web,T2602201338335502607150,620075662870,CREDIT,Credited to XXXXX0083,2304.05
"Feb 20, 2026",10:01 AM,Paid to IRCTC Rail Web,T2602201001484817258839,620075662870,DEBIT,Paid by XXXXX0083,2304.05
"Feb 20, 2026",9:02 AM,Paid to PUNE METRO CCA DR WA,T2602200902317573344707,975789620118,DEBIT,Paid by XXXXX0083,13.5
"Feb 19, 2026",6:16 PM,Paid to EXCEL SERVICE CENTRE,T2602191816202289081745,489638645494,DEBIT,Paid by XXXXX0083,542
"Feb 19, 2026",12:41 PM,Paid to Mr MANSING VIJAY MORE,T2602191241395745804314,564996669150,DEBIT,Paid by XXXXX0083,120
"Feb 19, 2026",9:03 AM,Paid to PUNE METRO CCA DR WA,T2602190902587995804019,63916220052,DEBIT,Paid by XXXXX0083,13.5
"Feb 18, 2026",12:58 PM,Paid to Mr MANSING VIJAY MORE,T2602181258394592973709,600907928538,DEBIT,Paid by XXXXX0083,120
"Feb 17, 2026",10:13 PM,Paid to PRASAD POPAT GAIKWAD,T2602172213162826616198,295691307279,DEBIT,Paid by XXXXX0083,97
"Feb 17, 2026",1:07 PM,Paid to Mr MANSING VIJAY MORE,T2602171307031842860213,145067314925,DEBIT,Paid by XXXXX0083,140
"Feb 17, 2026",1:06 PM,Received from Ashwajit Devendra Ubale,T2602171306111489802778,604814275790,CREDIT,Credited to XXXXX0083,120
"Feb 16, 2026",6:35 PM,Paid to RAM MARKET,T2602161835544752612764,348803010085,DEBIT,Paid by XXXXX0083,26
"Feb 16, 2026",6:21 PM,Paid to DEVANSH ENTERPRISE,T2602161821129171408006,349439777399,DEBIT,Paid by XXXXX0083,3
"Feb 16, 2026",6:20 PM,Paid to DEVANSH ENTERPRISE,T2602161820429132795218,568665113968,DEBIT,Paid by XXXXX0083,47
"Feb 16, 2026",6:19 PM,Received from Ashwajit Devendra Ubale,T2602161819539229219128,604727892336,CREDIT,Credited to XXXXX0083,500
"Feb 15, 2026",11:49 PM,Paid to EATCLUB,T2602152349370476189183,412506887809,DEBIT,Paid by XXXXX0083,104
"Feb 15, 2026",11:02 PM,Paid to RUSHIKESH SUDHAKAR  JAGTAP,T2602152302517181763746,525644454069,DEBIT,Paid by XXXXX0083,350
"Feb 15, 2026",8:04 PM,Paid to PUNE METRO CCA DR WA,T2602152004481828077588,511539704,DEBIT,Paid by XXXXX0083,14
"Feb 15, 2026",8:00 PM,Paid to PUNE METRO CCA DR WA,T2602152000393284331743,33353703003,DEBIT,Paid by XXXXX0083,14
"Feb 15, 2026",7:59 PM,Paid to PUNE METRO CCA DR WA,T2602151959456428159933,512016819332,DEBIT,Paid by XXXXX0083,14
"Feb 15, 2026",7:26 PM,Paid to CAFE GOOD LUCK RESTAURANT,T2602151926125728831961,992476703507,DEBIT,Paid by XXXXX0083,20
"Feb 15, 2026",4:13 PM,Paid to PUNE METRO CCA DR WA,T2602151613118205634047,649642676138,DEBIT,Paid by XXXXX0083,28
"Feb 14, 2026",12:46 PM,Paid to PUNE METRO CCA DR WA,T2602141246370169693980,914327689563,DEBIT,Paid by XXXXX0083,14
"Feb 14, 2026",9:05 AM,Paid to RAMESH PATEL,T2602140905434455897602,567105740866,DEBIT,Paid by XXXXX0083,88
"Feb 13, 2026",8:41 PM,Paid to MORYA SNACKS,T2602132041444017453984,551484679407,DEBIT,Paid by XXXXX0083,70
"Feb 13, 2026",6:27 PM,Paid to RAM MARKET,T2602131827407741952361,883900510215,DEBIT,Paid by XXXXXXXXXX1320,26
"Feb 13, 2026",6:12 PM,Paid to SHREE SWAMI SNACK CENTRE ,T2602131812408209288642,23867659684,DEBIT,Paid by XXXXX0083,320
"Feb 13, 2026",1:41 PM,Paid to MORE PROVISION STORE,T2602131341144944473154,708759916638,DEBIT,Paid by XXXXXXXXXX1320,20
"Feb 13, 2026",10:31 AM,Paid to RUSHIKESH SUDHAKAR  JAGTAP,T2602131031076716549784,538104392351,DEBIT,Paid by XXXXXXXXXX1320,20000
"Feb 13, 2026",10:26 AM,Received from DREAMPLUG TECHNOLOGIES PRIVATE LIMI,T2602131026077481540522,604423073404,CREDIT,Credited to XXXXXXXXXX1320,20000
"Feb 12, 2026",7:59 PM,Paid to Chand Babu Sah,T2602121959384163303041,381501536207,DEBIT,Paid by XXXXX0083,80
"Feb 12, 2026",6:28 PM,Paid to RAM MARKET,T2602121828093699034343,56687180707,DEBIT,Paid by XXXXX0083,52
"Feb 12, 2026",6:08 PM,Paid to DEVANSH ENTERPRISE,T2602121807592591091357,203587410841,DEBIT,Paid by XXXXX0083,45
"Feb 12, 2026",12:59 PM,Paid to Mr MANSING VIJAY MORE,T2602121259398073907664,850277268511,DEBIT,Paid by XXXXX0083,120
"Feb 11, 2026",8:02 PM,Paid to EATCLUB,T2602112002407257502081,775114144930,DEBIT,Paid by XXXXX0083,104
"Feb 11, 2026",4:36 PM,Received from PRASAD POPAT GAIKWAD,T2602111636327692269204,397094985689,CREDIT,Credited to XXXXX0083,2000
"Feb 10, 2026",10:16 PM,Paid to EatClub,T2602102216403149766569,561177924566,DEBIT,Paid by XXXXX0083,104
"Feb 10, 2026",6:01 PM,Paid to DEVANSH ENTERPRISE,T2602101801070058833280,98978790727,DEBIT,Paid by XXXXX0083,47
"Feb 10, 2026",8:37 AM,Received from Jitendra Mankar Sir GYM,T2602100837067456334130,1163408134,CREDIT,Credited to XXXXX0083,2150
"Feb 10, 2026",8:34 AM,Paid to IRCTC Rail Web,T2602100834447724639052,882730750832,DEBIT,Paid by XXXXX0083,2084.5
"Feb 10, 2026",7:57 AM,Paid to Vijay Kumbare,T2602100757229929070611,610098748380,DEBIT,Paid by XXXXX0083,8500
"Feb 10, 2026",7:56 AM,Electricity bill paid 160268640166,NB26021007563758255875882,7002745689,DEBIT,Paid by XXXXX0083,323
"Feb 09, 2026",6:23 PM,Paid to RAM MARKET,T2602091823055362437964,902351632271,DEBIT,Paid by XXXXX0083,26
"Feb 09, 2026",9:12 AM,Received from Jitendra Mankar Sir GYM,T2602090912373830039083,542685292997,CREDIT,Credited to XXXXX0083,1650
"Feb 09, 2026",9:12 AM,Paid to ABHIBUS,T2602090912246091812567,381378734241,DEBIT,Paid by XXXXX0083,1595
"Feb 08, 2026",9:01 PM,Paid to Chand Babu Sah,T2602082101245539595646,36054866575,DEBIT,Paid by XXXXX0083,220
"Feb 08, 2026",5:53 PM,Paid to DEVANSH ENTERPRISE,T2602081753262812148736,400620195754,DEBIT,Paid by XXXXX0083,47
"Feb 08, 2026",4:25 PM,Paid to Manvi pan shop,T2602081625214147994911,911902295171,DEBIT,Paid by XXXXX0083,34
"Feb 07, 2026",6:56 PM,Paid to HITESH KOTHRUD PETROL CIRCLE,T2602071856203094070871,969795609167,DEBIT,Paid by XXXXX0083,500
"Feb 07, 2026",6:38 PM,Paid to Siddhivinayak Super Market,T2602071838154866961165,402542069559,DEBIT,Paid by XXXXX0083,3
"Feb 07, 2026",3:20 PM,Received from Mommy,T2602071520539729300870,464229527678,CREDIT,Credited to XXXXX0083,9000
"Feb 07, 2026",1:28 PM,Paid to MORYA SNACKS,T2602071328082730963230,443389806774,DEBIT,Paid by XXXXXXXXXX1320,96
"Feb 07, 2026",9:21 AM,Received from Manoj Chandmal Kothari,T2602070921567918331122,603842372239,CREDIT,Credited to XXXXX0083,4000
"Feb 06, 2026",9:42 PM,Paid to Sagar Appzen,T2602062142154371834703,299583269182,DEBIT,Paid by XXXXXXXXXX1320,300
"Feb 06, 2026",9:24 PM,Paid to A1 Vadapav Centre 2,T2602062124297193334898,63072422140,DEBIT,Paid by XXXXX0083,40
"Feb 06, 2026",9:22 PM,Paid to MORYA SNACKS,T2602062122270505825452,596358867461,DEBIT,Paid by XXXXX0083,32
"Feb 06, 2026",6:33 PM,Paid to TIKONA DAIRY,T2602061833222273679650,135661459238,DEBIT,Paid by XXXXX0083,24
"Feb 06, 2026",9:03 AM,Paid to PUNE METRO CCA DR WA,T2602060903097293679864,68978348617,DEBIT,Paid by XXXXX0083,13.5
"Feb 05, 2026",8:05 PM,Received from KSHITIJ MALL,T2602052005574438247230,396749755205,CREDIT,Credited to XXXXX0083,2940
"Feb 05, 2026",6:28 PM,Paid to RAM MARKET,T2602051828010867268909,662296427013,DEBIT,Paid by XXXXX0083,26
"Feb 05, 2026",1:04 PM,Paid to Mr MANSING VIJAY MORE,T2602051304326149796523,938364923382,DEBIT,Paid by XXXXX0083,60
"Feb 05, 2026",1:03 PM,Paid to Mr MANSING VIJAY MORE,T2602051303526756105865,283123229198,DEBIT,Paid by XXXXX0083,60
"Feb 05, 2026",12:31 PM,Paid to RUSHIKESH SUDHAKAR  JAGTAP,T2602051231394629839542,718002119368,DEBIT,Paid by XXXXXXXXXX1320,20000
"Feb 05, 2026",12:26 PM,Received from DREAMPLUG TECHNOLOGIES PRIVATE LIMI,T2602051226129193339579,603622116593,CREDIT,Credited to XXXXXXXXXX1320,20000
"Feb 05, 2026",9:03 AM,Paid to PUNE METRO CCA DR WA,T2602050903340951933073,741149506497,DEBIT,Paid by XXXXX0083,13.5
"Feb 04, 2026",8:32 PM,Paid to Chand Babu Sah,T2602042032086058541471,363549851923,DEBIT,Paid by XXXXX0083,80
"Feb 04, 2026",6:40 PM,Paid to RAM MARKET,T2602041839599822063721,366574154884,DEBIT,Paid by XXXXX0083,26
"Feb 04, 2026",6:23 PM,Paid to DEVANSH ENTERPRISE,T2602041823093131754112,418640018271,DEBIT,Paid by XXXXX0083,47
"Feb 04, 2026",10:06 AM,Paid to IRCTC e ticketing,HDF0BB8264FF89145FCA576CD702E04E17D,102631380813,DEBIT,Paid by XXXXX0083,3584.5
"Feb 04, 2026",9:32 AM,Received from Manoj Chandmal Kothari,T2602040932522411755490,603536255702,CREDIT,Credited to XXXXX0083,3000
"Feb 04, 2026",9:04 AM,Paid to PUNE METRO CCA DR WA,T2602040904242520219155,762828608426,DEBIT,Paid by XXXXX0083,13.5
"Feb 03, 2026",10:55 PM,Paid to Xshitij Mall,T2602032255147323778369,834166772478,DEBIT,Paid by XXXXX0083,60
"Feb 03, 2026",8:09 PM,Paid to MORYA SNACKS,T2602032009526018047001,786989314482,DEBIT,Paid by XXXXX0083,66
"Feb 03, 2026",1:01 PM,Paid to Mr MANSING VIJAY MORE,T2602031301283750717240,356179594912,DEBIT,Paid by XXXXX0083,60
"Feb 03, 2026",9:04 AM,Paid to PUNE METRO CCA DR WA,T2602030904162648164670,587141895650,DEBIT,Paid by XXXXX0083,13.5
"Feb 02, 2026",8:43 PM,Paid to IRCTC ETICKETING,NPL47083BD998334704B67AC31AA029C67E,42628354503,DEBIT,Paid by XXXXX0083,647.25
"Feb 02, 2026",7:44 PM,Paid to Zepto,T2602021944392306830915,694403897969,DEBIT,Paid by XXXXX0083,118
"Feb 02, 2026",5:53 PM,Paid to RAM MARKET,T2602021753062068927858,280158000663,DEBIT,Paid by XXXXX0083,26
"Feb 01, 2026",9:46 PM,Paid to PUNE METRO CCA DR WA,T2602012146190030143659,696009404155,DEBIT,Paid by XXXXX0083,28
"Feb 01, 2026",9:34 PM,Paid to Pandit Enterprise,T2602012134275960464385,718989348188,DEBIT,Paid by XXXXX0083,20
"Feb 01, 2026",9:31 PM,Paid to DILHI CHOLE BHATURE,T2602012130555027988210,545559768264,DEBIT,Paid by XXXXX0083,120
"Feb 01, 2026",8:53 PM,Paid to surendra pal,T2602012053026327733741,275533848350,DEBIT,Paid by XXXXX0083,50
"Feb 01, 2026",7:46 PM,Paid to PUNE METRO CCA DR WA,T2602011946287580143532,831307912886,DEBIT,Paid by XXXXX0083,35
"Feb 01, 2026",12:32 PM,Paid to TIKONA DAIRY,T2602011232281196959460,794662321099,DEBIT,Paid by XXXXX0083,24
"Feb 01, 2026",10:17 AM,Paid to CHAUTHI,T2602011017254327670443,792646733901,DEBIT,Paid by XXXXX0083,50
"Jan 31, 2026",7:51 PM,Paid to Chand Babu Sah,T2601311951435061562773,311681072192,DEBIT,Paid by XXXXX0083,80
"Jan 31, 2026",7:47 PM,Paid to MORYA SNACKS,T2601311947398368636630,290291928937,DEBIT,Paid by XXXXXXXXXX1320,22
"Jan 31, 2026",5:29 PM,Paid to DALA RAM GHANCHI SO BHANWAR LAL GHANCHI,T2601311729265498828058,454396328622,DEBIT,Paid by XXXXXXXXXX1320,24
"Jan 31, 2026",4:08 PM,Paid to PRASAD POPAT GAIKWAD,T2601311608413848088081,846330494593,DEBIT,Paid by XXXXX0083,464
"Jan 30, 2026",9:42 PM,Paid to TIKONA DAIRY,T2601302142068581708668,230511517138,DEBIT,Paid by XXXXX0083,41
"Jan 30, 2026",6:09 PM,Paid to DEVANSH ENTERPRISE,T2601301809029146293412,198450188085,DEBIT,Paid by XXXXX0083,72
"Jan 29, 2026",11:18 PM,Paid to ICCW YESBANK,T2601292318214131201271,623941407261,DEBIT,Paid by XXXXX0083,500
"Jan 29, 2026",8:22 PM,Paid to Muryadabi Ilahi Shaikh,T2601292022251282863394,188865437939,DEBIT,Paid by XXXXX0083,80
"Jan 29, 2026",8:18 PM,Paid to NITIN VIRSINGH WALMIKI,T2601292018157944001462,146777043802,DEBIT,Paid by XXXXX0083,1000
"Jan 29, 2026",6:40 PM,Paid to RAM MARKET,T2601291840167652863063,397942497490,DEBIT,Paid by XXXXX0083,26
"Jan 29, 2026",1:38 PM,Paid to Kollage Hotel,T2601291338388619100441,12025881509,DEBIT,Paid by XXXXX0083,220
"Jan 29, 2026",1:37 PM,Received from Ashwajit Devendra Ubale,T2601291337319417807377,602935148133,CREDIT,Credited to XXXXX0083,227
"Jan 29, 2026",1:08 PM,Received from Ashwajit Devendra Ubale,T2601291308135273551669,602997940652,CREDIT,Credited to XXXXX0083,300
"Jan 29, 2026",11:03 AM,Paid to IRCTC,HDFB3FF05D37DC14782936A2A3EC106DE24,102569157881,DEBIT,Paid by XXXXX0083,857.25
"Jan 29, 2026",12:19 AM,Paid to SAPNA SOLANKI,T2601290019493045125522,789153018587,DEBIT,Paid by XXXXXXXXXX1320,15
"Jan 28, 2026",11:54 PM,Paid to SHAILI IMANSING LAMA,T2601282354155795843442,884939835452,DEBIT,Paid by XXXXXXXXXX1320,600
"Jan 28, 2026",7:28 PM,Received from NITIN VIRSINGH WALMIKI,T2601281928202054390307,602811373038,CREDIT,Credited to XXXXX0083,1000
"Jan 28, 2026",6:48 PM,Paid to RAM MARKET,T2601281848364270710846,438952366009,DEBIT,Paid by XXXXXXXXXX1320,26
"Jan 28, 2026",6:25 PM,Paid to DEVANSH ENTERPRISE,T2601281825242579433501,314658675587,DEBIT,Paid by XXXXX0083,45
"Jan 27, 2026",6:54 PM,Paid to Sagar Appzen,T2601271854507933691989,400284631067,DEBIT,Paid by XXXXXXXXXX1320,265
"Jan 27, 2026",6:46 PM,Paid to RAM MARKET,T2601271846533064971315,838115701519,DEBIT,Paid by XXXXX0083,39
"Jan 27, 2026",6:45 PM,Received from Ashwajit Devendra Ubale,T2601271845575944921156,602759532800,CREDIT,Credited to XXXXXXXXXX1320,765
"Jan 27, 2026",6:32 PM,Paid to EXCEL SERVICE CENTRE,T2601271832333167001142,78651373375,DEBIT,Paid by XXXXX0083,300
"Jan 27, 2026",1:21 PM,Paid to Mr MANSING VIJAY MORE,T2601271321484755716703,982151762258,DEBIT,Paid by XXXXX0083,80
"Jan 26, 2026",8:32 PM,Paid to RATNA NANDKISHOR SONI,T2601262031565344986769,479633294746,DEBIT,Paid by XXXXX0083,34
"Jan 26, 2026",7:42 PM,Paid to PUNE METRO CCA DR WA,T2601261942033281000791,440617437090,DEBIT,Paid by XXXXX0083,27
"Jan 26, 2026",11:39 AM,Paid to cititzen bakery,T2601261139260343464000,749299570376,DEBIT,Paid by XXXXX0083,85
"Jan 25, 2026",7:45 PM,Paid to Shakunta Petroleum HPCL,T2601251945214652580280,895995180572,DEBIT,Paid by XXXXX0083,172
"Jan 25, 2026",12:44 PM,Paid to Mayur Kshirsagar,T2601251244405208555995,348837426852,DEBIT,Paid by XXXXX0083,130
"Jan 24, 2026",5:41 PM,Paid to Ranjan Kumar,T2601241741286460773135,613636528607,DEBIT,Paid by XXXXX0083,40
"Jan 24, 2026",7:13 AM,Paid to PUNE METRO CCA DR WA,T2601240713517314223766,104791629850,DEBIT,Paid by XXXXX0083,17.5
"Jan 23, 2026",8:30 PM,Paid to KASAT PETROLEUM,T2601232030370671485092,838975016138,DEBIT,Paid by XXXXX0083,70
"Jan 23, 2026",6:46 PM,Paid to DIPAK KISAN KATEKAR,T2601231846372985135817,176760194486,DEBIT,Paid by XXXXX0083,36
"Jan 23, 2026",3:58 PM,Paid to MORYA SNACKS,T2601231558465592834216,872281386506,DEBIT,Paid by XXXXX0083,72
"Jan 23, 2026",3:45 PM,Paid to BURRGER BUZZ KOTHRUD,T2601231545284021141496,301420009973,DEBIT,Paid by XXXXX0083,25
"Jan 23, 2026",10:47 AM,Paid to Zepto Marketplace Private Limited,T2601231047401943464410,712899397075,DEBIT,Paid by XXXXX0083,108
"Jan 23, 2026",9:58 AM,Paid to Aryan Shopee,T2601230958358692900607,68525218511,DEBIT,Paid by XXXXX0083,320
"Jan 23, 2026",9:52 AM,Paid to MORYA SNACKS,T2601230952167216583928,235319198702,DEBIT,Paid by XXXXX0083,154
"Jan 21, 2026",8:11 PM,Paid to MORYA SNACKS,T2601212011096410190382,785726610039,DEBIT,Paid by XXXXX0083,85
"Jan 21, 2026",6:42 PM,Paid to RAM MARKET,T2601211842540126799618,649374334986,DEBIT,Paid by XXXXX0083,13
"Jan 21, 2026",6:28 PM,Paid to EXCEL SERVICE CENTRE,T2601211828487116773108,31383610209,DEBIT,Paid by XXXXXXXXXX1320,200
"Jan 21, 2026",6:24 PM,Paid to 2 Durga Snacks ,T2601211824277371505697,738251183200,DEBIT,Paid by XXXXX0083,110
"Jan 21, 2026",6:20 PM,Paid to DEVANSH ENTERPRISE,T2601211820535921552693,653838569789,DEBIT,Paid by XXXXX0083,67
"Jan 21, 2026",1:22 PM,Paid to AMAR MEDICAL ,T2601211322498449346717,200452004835,DEBIT,Paid by XXXXX0083,10
"Jan 21, 2026",1:12 PM,Paid to RUSHIKESH SUDHAKAR  JAGTAP,T2601211312246017355924,922553341313,DEBIT,Paid by XXXXXXXXXX1320,20000
"Jan 21, 2026",1:08 PM,Received from DREAMPLUG TECHNOLOGIES PRIVATE LIMI,T2601211308524982006669,602123076685,CREDIT,Credited to XXXXXXXXXX1320,20000
"Jan 20, 2026",10:07 PM,Paid to MORYA SNACKS,T2601202206594638130402,761834178301,DEBIT,Paid by XXXXX0083,30
"Jan 20, 2026",8:48 PM,Paid to A1 Vadapav Centre 2,T2601202048485652926915,935365758756,DEBIT,Paid by XXXXX0083,60
"Jan 20, 2026",1:04 PM,Paid to Mr MANSING VIJAY MORE,T2601201304312837097194,585505215364,DEBIT,Paid by XXXXX0083,120
"Jan 19, 2026",10:23 PM,Received from PRASAD POPAT GAIKWAD,T2601192223207269312031,601913817850,CREDIT,Credited to XXXXXXXXXX1320,60
"Jan 19, 2026",8:38 PM,Paid to Zepto Marketplace Private Limited,T2601192038535880764842,772691917442,DEBIT,Paid by XXXXX0083,112
"Jan 19, 2026",7:18 PM,Paid to KUNJUMON  MATHEW,T2601191918098396198609,891093105911,DEBIT,Paid by XXXXX0083,4800
"Jan 19, 2026",5:50 PM,Paid to DEVANSH ENTERPRISE,T2601191750191863133290,598461982318,DEBIT,Paid by XXXXX0083,80
"Jan 18, 2026",9:12 PM,Paid to MORYA SNACKS,T2601182112237151064416,219088512071,DEBIT,Paid by XXXXX0083,35
"Jan 18, 2026",8:10 PM,Paid to Xshitij Mall,T2601182010389341768352,541621732340,DEBIT,Paid by XXXXX0083,100
"Jan 18, 2026",6:45 PM,Paid to DALA RAM GHANCHI SO BHANWAR LAL GHANCHI,T2601181845461804781675,810769938437,DEBIT,Paid by XXXXX0083,60
"Jan 18, 2026",6:36 PM,Paid to Pramod Hadu Sawant,T2601181836003050513971,144477191913,DEBIT,Paid by XXXXX0083,900
"Jan 18, 2026",11:16 AM,Paid to MORYA SNACKS CENTRE,T2601181116076374994223,385447090804,DEBIT,Paid by XXXXX0083,85
"Jan 18, 2026",10:02 AM,Paid to IRCTC,AIR1S5D7qIEkGTAZflT3718605942QPAY02,601810337178,DEBIT,Paid by XXXXX0083,4724.5
"Jan 18, 2026",9:58 AM,Received from Kunjumon Mathew,T2601180958035153878568,256642522761,CREDIT,Credited to XXXXX0083,5000
"Jan 17, 2026",9:07 PM,Paid to PUKHARAJ,T2601172107186389026867,192019774786,DEBIT,Paid by XXXXX0083,15
"Jan 17, 2026",9:05 PM,Paid to Chand Babu Sah,T2601172105455515458696,575528916499,DEBIT,Paid by XXXXX0083,80
"Jan 17, 2026",7:03 PM,Paid to RATNA NANDKISHOR SONI,T2601171903231471064182,686931733216,DEBIT,Paid by XXXXX0083,24
"Jan 17, 2026",6:38 PM,Paid to PUNE METRO CCA DR WA,T2601171838051826045312,891032481825,DEBIT,Paid by XXXXX0083,10.5
"Jan 17, 2026",6:14 PM,Paid to NAND CHAT CORNER,T2601171814450279661734,17047762310,DEBIT,Paid by XXXXX0083,12
"Jan 17, 2026",10:49 AM,Paid to RAMESH PATEL,T2601171049527350007032,750363397594,DEBIT,Paid by XXXXX0083,35
"Jan 16, 2026",9:27 PM,Paid to MORYA SNACKS CENTRE,T2601162127277189729881,55204969157,DEBIT,Paid by XXXXX0083,82
"Jan 16, 2026",5:16 PM,Paid to RAM MARKET,T2601161716354082380895,842210758363,DEBIT,Paid by XXXXX0083,26
"Jan 15, 2026",10:19 PM,Paid to POOJA GENERAL STORE ,T2601152219230077151489,441088562379,DEBIT,Paid by XXXXX0083,54
"Jan 15, 2026",1:22 PM,Paid to Mr MANSING VIJAY MORE,T2601151322105166315438,101330738109,DEBIT,Paid by XXXXX0083,100
"Jan 15, 2026",8:59 AM,Paid to Xshitij Mall,T2601150859506946341369,181652026599,DEBIT,Paid by XXXXX0083,65
"Jan 14, 2026",9:36 PM,Paid to Nikhil Ramesh Raut,T2601142136491565432767,486265961948,DEBIT,Paid by XXXXX0083,92
"Jan 14, 2026",7:32 PM,Paid to TIKONA DAIRY,T2601141932080832945523,556608653283,DEBIT,Paid by XXXXX0083,30
"Jan 14, 2026",6:59 PM,Paid to DEVANSH ENTERPRISE,T2601141859239809336388,842013390176,DEBIT,Paid by XXXXX0083,55
"Jan 14, 2026",5:23 PM,Paid to RATNA NANDKISHOR SONI,T2601141723544689210379,848125878650,DEBIT,Paid by XXXXX0083,22
"Jan 14, 2026",1:47 PM,Refund from IRCTC Rail Web,T2601141347196530896384,601443295223,CREDIT,Credited to XXXXX0083,632.25
"Jan 14, 2026",1:09 PM,Paid to Mr MANSING VIJAY MORE,T2601141309045942256977,517628278230,DEBIT,Paid by XXXXX0083,120
"Jan 14, 2026",11:02 AM,Paid to IRCTC Rail Web,T2601141102442169210003,943862054099,DEBIT,Paid by XXXXX0083,632.25
"Jan 14, 2026",10:08 AM,Received from Avinash Chaugule,T2601141008462868748794,888847834605,CREDIT,Credited to XXXXX0083,500
"Jan 14, 2026",10:04 AM,Received from Avinash Chaugule,T2601141004219816761499,401025970382,CREDIT,Credited to XXXXX0083,500
"Jan 13, 2026",7:10 PM,Paid to Xshitij Mall,T2601131910458636257006,482745343200,DEBIT,Paid by XXXXX0083,70
"Jan 13, 2026",6:08 PM,Paid to MORYA SNACKS,T2601131808008795281388,145652939176,DEBIT,Paid by XXXXX0083,12
"Jan 13, 2026",1:32 PM,Paid to P.  Harikrishnan,T2601131332120898178806,952166974768,DEBIT,Paid by XXXXX0083,500
"Jan 12, 2026",10:38 PM,Paid to TIKONA DAIRY,T2601122238223973842949,951080621405,DEBIT,Paid by XXXXX0083,12
"Jan 12, 2026",10:37 PM,Paid to Swiggy Instamart,T2601122237525348900658,774793710260,DEBIT,Paid by XXXXX0083,117
"Jan 12, 2026",9:23 PM,Paid to Ashwajit Devendra Ubale,T2601122123443826317192,296482873616,DEBIT,Paid by XXXXX0083,475
"Jan 12, 2026",7:04 PM,Received from PRASAD POPAT GAIKWAD,T2601121904085843341118,395382569488,CREDIT,Credited to XXXXX0083,2850
"Jan 11, 2026",11:07 PM,Paid to DEVANSH ENTERPRISE,T2601112306555335150496,826222118700,DEBIT,Paid by XXXXX0083,58
"Jan 11, 2026",9:14 PM,Paid to King Momoswala,T2601112113567409038559,543796407270,DEBIT,Paid by XXXXX0083,165
"Jan 11, 2026",7:02 PM,Paid to THE VAPOUR SHOPEE AND MINI MARKET,T2601111902374825572549,463625007348,DEBIT,Paid by XXXXX0083,12
"Jan 11, 2026",5:43 PM,Paid to PUNE METRO CCA DR WA,T2601111743281497140911,563098295426,DEBIT,Paid by XXXXX0083,17.5
"Jan 11, 2026",4:04 PM,Paid to Aadesh Harishchandra Rave,T2601111604246151867379,629314282802,DEBIT,Paid by XXXXX0083,350
"Jan 11, 2026",11:02 AM,Paid to AUTOPE PAYMENT SOLUTIONS LIMITED,YESB481681CB271E4277E06400144FF9FFF,601132510549,DEBIT,Paid by XXXXX0083,1452.7
"Jan 11, 2026",9:11 AM,Paid to MORYA SNACKS,T2601110911099824933103,679015123470,DEBIT,Paid by XXXXX0083,60
"Jan 10, 2026",6:12 PM,Electricity bill paid 160268640166,NB26011018123963827199172,277117891190,DEBIT,Paid by XXXXX0083,33
"Jan 10, 2026",6:11 PM,Paid to Vijay Kumbare,T2601101811191430131709,271931697950,DEBIT,Paid by XXXXX0083,8500
"Jan 10, 2026",2:01 PM,Paid to PUNE METRO CCA DR WA,T2601101401515333817163,317277373908,DEBIT,Paid by XXXXX0083,10.5
"Jan 10, 2026",8:49 AM,Paid to RAM MARKET,T2601100849018358851558,705464505093,DEBIT,Paid by XXXXX0083,2
"Jan 09, 2026",10:41 PM,Paid to Sagar Appzen,T2601092241225200205545,552884718948,DEBIT,Paid by XXXXX0083,83
"Jan 09, 2026",10:38 PM,Received from Ashwajit Devendra Ubale,T2601092238586920824370,600914577828,CREDIT,Credited to XXXXX0083,183
"Jan 09, 2026",10:25 PM,Paid to TIKONA DAIRY,T2601092225495878296782,651608010737,DEBIT,Paid by XXXXX0083,36
"Jan 09, 2026",9:20 PM,Paid to NAND CHAT CORNER,T2601092120358593365496,398847034051,DEBIT,Paid by XXXXX0083,37
"Jan 09, 2026",8:25 PM,Paid to PAYAL SHANKAR EKBOLE,T2601092025061699508366,95918541430,DEBIT,Paid by XXXXX0083,400
"Jan 09, 2026",8:23 PM,Paid to Swiggy Limited,T2601092023479396320407,230435641133,DEBIT,Paid by XXXXXXXXXX1320,119
"Jan 09, 2026",8:11 PM,Received from KSHITIJ MALL,T2601092011233600489021,697106108716,CREDIT,Credited to XXXXX0083,2850
"Jan 09, 2026",9:40 AM,Paid to RUSHIKESH SUDHAKAR  JAGTAP,T2601090940114042471579,655814688745,DEBIT,Paid by XXXXXXXXXX1320,10000
"Jan 09, 2026",9:39 AM,Received from DREAMPLUG TECHNOLOGIES PRIVATE LIMI,T2601090939363819038093,600922030169,CREDIT,Credited to XXXXXXXXXX1320,10000
"Jan 08, 2026",9:38 PM,Paid to TIKONA DAIRY,T2601082138183947024187,848733612054,DEBIT,Paid by XXXXX0083,70
"Jan 08, 2026",8:11 AM,Paid to MORYA SNACKS,T2601080811297975464396,373919649146,DEBIT,Paid by XXXXX0083,22
"Jan 07, 2026",9:54 PM,Paid to GOPAL VAIJANATH REVANWAR,T2601072154218584292060,503167494439,DEBIT,Paid by XXXXX0083,196
"Jan 07, 2026",9:20 PM,Paid to DEVANSH ENTERPRISE,T2601072120093548991493,340026623737,DEBIT,Paid by XXXXX0083,45
"Jan 07, 2026",6:18 PM,Paid to MORYA SNACKS,T2601071818004845649773,615911735868,DEBIT,Paid by XXXXX0083,133
"Jan 07, 2026",4:03 PM,Received from Mommy,T2601071603565985552594,424859701592,CREDIT,Credited to XXXXX0083,9000
"Jan 07, 2026",1:04 PM,Paid to Mr MANSING VIJAY MORE,T2601071304384690111143,461205062047,DEBIT,Paid by XXXXX0083,80
"Jan 06, 2026",11:13 PM,Paid to RAJKAMAL SWEETS ,T2601062313305712080397,885306226203,DEBIT,Paid by XXXXX0083,100
"Jan 06, 2026",11:03 PM,Paid to 2 Durga Snacks ,T2601062303366278022820,709601251851,DEBIT,Paid by XXXXXXXXXX1320,320
"Jan 06, 2026",10:54 PM,Paid to GOVINDA PAN SHOP,T2601062254176903538590,596861832605,DEBIT,Paid by XXXXX0083,20
"Jan 06, 2026",10:01 PM,Paid to Shivanaya enterprises,T2601062201382236998182,838366564330,DEBIT,Paid by XXXXX0083,250
"Jan 06, 2026",9:22 PM,Received from Ashwajit Devendra Ubale,T2601062122491070268055,600653358862,CREDIT,Credited to XXXXX0083,300
"Jan 06, 2026",6:59 PM,Paid to PRASAD POPAT GAIKWAD,T2601061859429880447611,837696448670,DEBIT,Paid by XXXXX0083,100
"Jan 06, 2026",6:58 PM,Received from Prasad Popat Gaikwad,T2601061858182629624878,600622907874,CREDIT,Credited to XXXXX0083,100
"Jan 05, 2026",10:40 PM,Received from Ashwajit Devendra Ubale,T2601052240452853525593,600504072086,CREDIT,Credited to XXXXX0083,400
"Jan 05, 2026",8:52 PM,Received from KSHITIJ MALL,T2601052052531358456798,394986751103,CREDIT,Credited to XXXXX0083,180
"Jan 05, 2026",8:41 PM,Paid to ZOMATO LIMITED,T2601052041115249891484,817574497731,DEBIT,Paid by XXXXX0083,178.25
"Jan 05, 2026",5:27 PM,Electricity bill paid 049084162484,NB26010517272767011239462,113979736938,DEBIT,Paid by XXXXX0083,1333
"Jan 04, 2026",11:01 PM,Paid to Burger 2,T2601042301420866317377,957858048487,DEBIT,Paid by XXXXX0083,294
"Jan 04, 2026",9:37 PM,Paid to Xshitij Mall,T2601042137246274231186,518348337169,DEBIT,Paid by XXXXX0083,128
"Jan 04, 2026",6:55 PM,Paid to Zepto Marketplace Private Limited,T2601041855248419881961,458816014985,DEBIT,Paid by XXXXX0083,107
"Jan 04, 2026",1:53 PM,Paid to MORYA SNACKS,T2601041353069121935446,821501997473,DEBIT,Paid by XXXXX0083,80
"Jan 04, 2026",11:18 AM,Received from Mommy,T2601041118520345868993,995122515452,CREDIT,Credited to XXXXX0083,520
"Jan 04, 2026",10:21 AM,Paid to AUTOPE PAYMENT SOLUTIONS LIMITED,T2601041021167944492681,980450323855,DEBIT,Paid by XXXXX0083,202.25
"Jan 04, 2026",10:17 AM,Paid to IRCTC ETICKETING,T2601041017083197409750,807732474044,DEBIT,Paid by XXXXX0083,312.7
"Jan 03, 2026",10:04 PM,Paid to Xshitij Mall,T2601032204228881596194,457689887759,DEBIT,Paid by XXXXX0083,200
"Jan 03, 2026",2:01 PM,Paid to JANATA SWEETS,T2601031401383221952168,35685251320,DEBIT,Paid by XXXXX0083,20
"Jan 03, 2026",2:01 PM,Paid to JANATA SWEETS,T2601031401205387921824,751393653072,DEBIT,Paid by XXXXX0083,40
"Jan 03, 2026",11:10 AM,Mobile recharged 9372066611,NB26010311102937340349342,746575030650,DEBIT,Paid by XXXXX0083,322
"Jan 03, 2026",10:02 AM,Paid to AUTOPE PAYMENT SOLUTIONS LIMITED,YESB4774E1E1FCB24993E06400144FF9FFF,600304042755,DEBIT,Paid by XXXXX0083,4954.95
"Jan 03, 2026",5:17 AM,Paid to ZOMATO,T2601030517024736100490,535164199201,DEBIT,Paid by XXXXX0083,145.6
"Jan 03, 2026",5:16 AM,Received from AMEY CHANDRAKANT ACHARYA,T2601030516239371557538,636982313828,CREDIT,Credited to XXXXX0083,145
"Jan 02, 2026",6:54 PM,Paid to SIMPLY SOUTH CHINA HUT,T2601021854470192101791,187694331494,DEBIT,Paid by XXXXX0083,60
"Jan 02, 2026",1:26 PM,Paid to Mr Aniket Nandkumar Sonwane,T2601021325594307374437,716519046958,DEBIT,Paid by XXXXX0083,159
"Jan 01, 2026",6:48 PM,Paid to MORYA SNACKS,T2601011848311367532891,73796453044,DEBIT,Paid by XXXXXXXXXX1320,10
"Jan 01, 2026",4:37 PM,Paid to SANJAY PADMAKAR KULKARNI,T2601011637166356926038,94757953033,DEBIT,Paid by XXXXX0083,800
"Jan 01, 2026",3:24 PM,Paid to SWIGGY,T2601011524447051036002,751809907440,DEBIT,Paid by XXXXXXXXXX1320,255
"Jan 01, 2026",12:00 PM,Paid to Mayur Caterers,T2601011200201080303034,179276604903,DEBIT,Paid by XXXXX0083,15
"Dec 31, 2025",10:49 PM,Paid to Ashwajit Devendra Ubale,T2512312249102366526778,273263170207,DEBIT,Paid by XXXXX0083,50
"Dec 31, 2025",10:48 PM,Paid to Xshitij Mall,T2512312248343083446844,898328791207,DEBIT,Paid by XXXXX0083,100
"Dec 31, 2025",7:28 PM,Received from KSHITIJ MALL,T2512311928150095094867,394692358811,CREDIT,Credited to XXXXX0083,60
"Dec 31, 2025",7:21 PM,Paid to DEVANSH ENTERPRISE,T2512311921494893220644,132685047956,DEBIT,Paid by XXXXXXXXXX1320,45
"Dec 31, 2025",5:24 PM,Paid to RAMESH PATEL,T2512311724395742779799,980932660173,DEBIT,Paid by XXXXX0083,12
"Dec 31, 2025",9:17 AM,Paid to Krishna General Store,T2512310917104122188434,119971047890,DEBIT,Paid by XXXXX0083,54
"Dec 31, 2025",9:16 AM,Received from Ashwajit Devendra Ubale,T2512310916320415281794,536554163494,CREDIT,Credited to XXXXX0083,52
"Dec 30, 2025",8:16 PM,Paid to DALA RAM GHANCHI SO BHANWAR LAL GHANCHI,T2512302016515949636140,439081241477,DEBIT,Paid by XXXXX0083,60
"Dec 30, 2025",8:13 PM,Paid to Zepto Marketplace Private Limited,T2512302013540016496409,196752131462,DEBIT,Paid by XXXXX0083,106
"Dec 30, 2025",6:01 PM,Paid to MORYA SNACKS,T2512301801128231955222,769137439225,DEBIT,Paid by XXXXX0083,22
"Dec 30, 2025",9:32 AM,Paid to Krishna General Store,T2512300932478551373461,960517009185,DEBIT,Paid by XXXXX0083,44
"Dec 30, 2025",9:32 AM,Received from Ashwajit Devendra Ubale,T2512300932191117409160,536449900137,CREDIT,Credited to XXXXX0083,44
"Dec 29, 2025",8:57 PM,Paid to King Momoswala,T2512292057100278853917,141605932942,DEBIT,Paid by XXXXX0083,333
"Dec 29, 2025",8:34 PM,Received from KSHITIJ MALL,T2512292034328748258521,394585974861,CREDIT,Credited to XXXXXXXXXX1320,130
"Dec 29, 2025",6:54 PM,Paid to Ashwajit Devendra Ubale,T2512291854352907818588,616650753461,DEBIT,Paid by XXXXX0083,700
"Dec 29, 2025",6:18 PM,Paid to MORYA SNACKS CENTRE,T2512291818420525606613,803951486296,DEBIT,Paid by XXXXXXXXXX1320,20
"Dec 29, 2025",1:30 PM,Received from Ashwajit Devendra Ubale,T2512291330562927295145,536318664272,CREDIT,Credited to XXXXX0083,762
"Dec 29, 2025",1:29 PM,Paid to Krishna General Store,T2512291329219506496920,482852516503,DEBIT,Paid by XXXXXXXXXX1320,64
"Dec 29, 2025",9:34 AM,Paid to Pune tea centre,T2512290934411774545104,571083480756,DEBIT,Paid by XXXXXXXXXX1320,2
"Dec 29, 2025",9:34 AM,Paid to Pune tea centre,T2512290934186264475348,854829528356,DEBIT,Paid by XXXXXXXXXX1320,64
"Dec 29, 2025",9:33 AM,Received from OMKAR JAIDATTA CHAVARE,T2512290933259139881076,536378769064,CREDIT,Credited to XXXXX0083,20
"Dec 28, 2025",10:44 PM,Paid to Xshitij Mall,T2512282244428430197407,168517540153,DEBIT,Paid by XXXXX0083,467
"Dec 28, 2025",10:09 PM,Received from Mommy,T2512282209308693446145,469735468427,CREDIT,Credited to XXXXX0083,2000
"Dec 28, 2025",6:57 PM,Paid to Hotel Kedar,T2512281857394121935279,931540195157,DEBIT,Paid by XXXXX0083,10
"Dec 28, 2025",1:37 PM,Paid to PATIL PAV BHAJI,T2512281337057107886011,699122164434,DEBIT,Paid by XXXXXXXXXX1320,60
"Dec 28, 2025",5:30 AM,Paid to BALAJI SNACKS,T2512280530060890736338,746650416074,DEBIT,Paid by XXXXXXXXXX1320,50
"Dec 27, 2025",10:26 PM,Paid to RATNA NANDKISHOR SONI,T2512272226355635090638,823673498216,DEBIT,Paid by XXXXXXXXXX1320,22
"Dec 27, 2025",10:21 PM,Paid to RAVI JADHAV-KOTHRUD PETROL CIRCLE,T2512272221525552852355,851263223615,DEBIT,Paid by XXXXX0083,100
"Dec 27, 2025",9:36 PM,Paid to Sagar Appzen,T2512272136291671020983,184832862128,DEBIT,Paid by XXXXX0083,60
"Dec 27, 2025",9:35 PM,Paid to Rushikesh FC,T2512272135493294615198,659223045818,DEBIT,Paid by XXXXX0083,240
"Dec 27, 2025",3:40 PM,Paid to King Momoswala,T2512271540228166425154,201785127865,DEBIT,Paid by XXXXXXXXXX1320,110
"Dec 26, 2025",8:52 PM,Paid to SAURABH RAJENDRA SHINDE,T2512262052359627204772,820558451350,DEBIT,Paid by XXXXXXXXXX1320,40
"Dec 26, 2025",8:49 PM,Paid to King Momoswala,T2512262049306069434296,25705752064,DEBIT,Paid by XXXXXXXXXX1320,50
"Dec 26, 2025",9:17 AM,Paid to MORYA SNACKS,T2512260917142076552363,79090071934,DEBIT,Paid by XXXXXXXXXX1320,36
"Dec 25, 2025",6:36 PM,Paid to Zepto Marketplace Private Limited,T2512251836234910035519,431699532198,DEBIT,Paid by XXXXXXXXXX1320,102
"Dec 25, 2025",1:03 PM,Paid to MORYA SNACKS,T2512251303160624492503,368594360937,DEBIT,Paid by XXXXX0083,50
"Dec 25, 2025",5:54 AM,Received from SHEETAL  MALL MINOR,T2512250554382447921752,535957732094,CREDIT,Credited to XXXXX0083,180
"Dec 24, 2025",11:17 PM,Paid to NIKHIL KUMAR GAUTAM,T2512242317363166425255,664115084239,DEBIT,Paid by XXXXXXXXXX1320,135
"Dec 24, 2025",6:39 PM,Paid to Shri Sai Service Station,T2512241839196308383700,543675194202,DEBIT,Paid by XXXXX0083,50
"Dec 24, 2025",6:38 PM,Received from Ashwajit Devendra Ubale,T2512241838497020736902,535820134248,CREDIT,Credited to XXXXX0083,100
"Dec 23, 2025",9:56 PM,Received from Ashwajit Devendra Ubale,T2512232156048233210092,535703599886,CREDIT,Credited to XXXXX0083,30
"Dec 23, 2025",9:49 PM,Paid to RADHABAI MALLINATH BANDICHHODE,T2512232149481996515653,608430482881,DEBIT,Paid by XXXXX0083,214
"Dec 23, 2025",9:30 PM,Received from Ashwajit Devendra Ubale,T2512232130520393308221,535759459308,CREDIT,Credited to XXXXX0083,150
"Dec 23, 2025",5:04 PM,Received from harishchandra dasharth page,T2512231704396589405990,479712137455,CREDIT,Credited to XXXXX0083,302
"Dec 23, 2025",11:33 AM,Paid to AIRTEL PAYMENTS BANK LIMITED,T2512231133168283796683,575919985910,DEBIT,Paid by XXXXX0083,299
"Dec 23, 2025",10:01 AM,Paid to AUTOPE PAYMENT SOLUTIONS LIMITED,YESB46979B4158674E2CE06400144FFAE8A,535768086245,DEBIT,Paid by XXXXX0083,2359.05
"Dec 23, 2025",9:33 AM,Paid to Krishna General Store,T2512230933305884995179,277902664469,DEBIT,Paid by XXXXXXXXXX1320,52
"Dec 22, 2025",11:20 PM,Received from Anil Gangwal,T2512222320274985134243,7721948296,CREDIT,Credited to XXXXX0083,1500
"Dec 22, 2025",9:26 PM,Received from Sanskruti Vilas Pawshe,T2512222126317638007496,535678379234,CREDIT,Credited to XXXXX0083,3000
"Dec 22, 2025",9:25 PM,Received from Sanskruti Vilas Pawshe,T2512222125417559834962,535678390301,CREDIT,Credited to XXXXX0083,1
"Dec 22, 2025",8:27 PM,Paid to King Momoswala,T2512222027185409712785,171789298992,DEBIT,Paid by XXXXXXXXXX1320,520
"Dec 22, 2025",8:20 PM,Received from PRASAD POPAT GAIKWAD,T2512222020040684339388,696046336982,CREDIT,Credited to XXXXX0083,140
"Dec 22, 2025",8:11 PM,Received from Ashwajit Devendra Ubale,T2512222011019536916315,535624549018,CREDIT,Credited to XXXXX0083,140
"Dec 22, 2025",4:12 PM,Paid to Krishna General Store,T2512221612014633697652,475734884653,DEBIT,Paid by XXXXXXXXXX1320,44
"Dec 22, 2025",1:11 PM,Paid to Mr MANSING VIJAY MORE,T2512221311278797631159,604643360140,DEBIT,Paid by XXXXXXXXXX1320,80
"Dec 22, 2025",11:12 AM,Transfer to XXXXX0083,T2512221112224536285353,161586857916,DEBIT,Paid by XXXXXXXXXX1320,1860
"Dec 22, 2025",11:02 AM,Paid to AUTOPE PAYMENT SOLUTIONS LIMITED,YESB4683E0708B762C60E06400144FF9FFF,535665025114,DEBIT,Paid by XXXXX0083,1212.7
"Dec 22, 2025",10:33 AM,Received from ******1884,T2512221033093609314428,292688026861,CREDIT,Credited to XXXXX0083,2000
"Dec 21, 2025",9:49 PM,Paid to DALA RAM GHANCHI SO BHANWAR LAL GHANCHI,T2512212149403007360568,346555559445,DEBIT,Paid by XXXXX0083,60
"Dec 21, 2025",9:40 PM,Paid to Xshitij Mall,T2512212140454519567366,893405918904,DEBIT,Paid by XXXXX0083,210
"Dec 20, 2025",10:53 PM,Paid to Zepto Marketplace Private Limi,T2512202253057520948242,339031466964,DEBIT,Paid by XXXXXXXXXX1320,202
"Dec 20, 2025",10:40 PM,Received from Ashwajit Devendra Ubale,T2512202240114448351094,535482873346,CREDIT,Credited to XXXXX0083,83
"Dec 20, 2025",8:28 PM,Paid to IRCTC Rail Web,T2512202027584616075393,549544605934,DEBIT,Paid by XXXXX0083,453.6
"Dec 20, 2025",6:49 PM,Received from ******2770,T2512201849482461361862,222321414887,CREDIT,Credited to XXXXX0083,500
"Dec 20, 2025",3:32 PM,Paid to BURRGER BUZZ KOTHRUD,T2512201532093827867562,953839038346,DEBIT,Paid by XXXXX0083,695
"Dec 20, 2025",3:31 PM,Received from KSHITIJ MALL,T2512201531056613468953,535461463717,CREDIT,Credited to XXXXX0083,450
"Dec 20, 2025",3:30 PM,Received from Ashwajit Devendra Ubale,T2512201530429367208619,535488703506,CREDIT,Credited to XXXXX0083,139
"Dec 20, 2025",11:39 AM,Paid to 2 Durga Snacks ,T2512201139392702486020,607112774493,DEBIT,Paid by XXXXXXXXXX1320,320
"Dec 20, 2025",11:27 AM,Paid to Om Sai Pan Shop,T2512201126578715178478,881467349233,DEBIT,Paid by XXXXXXXXXX1320,40
"Dec 19, 2025",9:23 PM,Paid to Swiggy,T2512192123530185113765,908331048316,DEBIT,Paid by XXXXXXXXXX1320,158
"Dec 19, 2025",9:22 PM,Received from Ashwajit Devendra Ubale,T2512192122449425559288,535356863012,CREDIT,Credited to XXXXX0083,158
"Dec 19, 2025",8:44 PM,Paid to Swiggy,T2512192044195493973295,754378199460,DEBIT,Paid by XXXXXXXXXX1320,399
"Dec 19, 2025",8:38 PM,Received from KSHITIJ MALL,T2512192038554827312703,535370595490,CREDIT,Credited to XXXXX0083,100
"Dec 19, 2025",8:35 PM,Paid to Swiggy,T2512192035500523468799,452230196271,DEBIT,Paid by XXXXX0083,157
"Dec 19, 2025",6:07 PM,Paid to RAM MARKET,T2512191807237528563944,467463963858,DEBIT,Paid by XXXXX0083,100
"Dec 19, 2025",1:18 PM,Paid to Harikrishnan FC,T2512191318196163916213,410796054893,DEBIT,Paid by XXXXX0083,60
"Dec 19, 2025",8:58 AM,Paid to PUNE METRO CCA DR WA,T2512190858199011271572,276483221675,DEBIT,Paid by XXXXX0083,27
"Dec 18, 2025",9:38 PM,Paid to Swiggy Ltd,T2512182138296183072560,229341167646,DEBIT,Paid by XXXXXXXXXX1320,111
"Dec 18, 2025",9:19 PM,Received from Ashwajit Devendra Ubale,T2512182119239850387236,535232383147,CREDIT,Credited to XXXXXXXXXX1320,111
"Dec 18, 2025",9:01 PM,Paid to Swiggy Ltd,T2512182101385670044143,730646677800,DEBIT,Paid by XXXXX0083,111
"Dec 18, 2025",5:34 PM,Paid to Krishna General Store,T2512181734452984220745,959022653099,DEBIT,Paid by XXXXX0083,24
"Dec 18, 2025",4:53 PM,Paid to AUTOPE PAYMENT SOLUTIONS LIMITED,YESB4638AFDEBC180135E06400144FFAE8A,535253204921,DEBIT,Paid by XXXXX0083,343.15
"Dec 18, 2025",1:20 PM,Paid to Krishna General Store,T2512181320501806400481,841095567031,DEBIT,Paid by XXXXX0083,2
"Dec 18, 2025",1:18 PM,Paid to Sagar Appzen,T2512181318330619094819,134140216909,DEBIT,Paid by XXXXX0083,40
"Dec 18, 2025",1:17 PM,Received from Ashwajit Devendra Ubale,T2512181317282471145429,535242956988,CREDIT,Credited to XXXXX0083,60
"Dec 18, 2025",1:17 PM,Paid to Mr MANSING VIJAY MORE,T2512181317197236830823,224430296640,DEBIT,Paid by XXXXX0083,80
"Dec 18, 2025",8:51 AM,Paid to PUNE METRO CCA DR WA,T2512180851332725575067,945134812166,DEBIT,Paid by XXXXX0083,27
"Dec 17, 2025",10:15 PM,Paid to Swiggy Ltd,AXB1955df2cc8dd45e8819b515c390c075a,535198945169,DEBIT,Paid by XXXXX0083,225
"Dec 17, 2025",8:59 PM,Paid to RAM MARKET,T2512172059331043293791,926504544643,DEBIT,Paid by XXXXX0083,40
"Dec 17, 2025",8:56 PM,Received from Ashwajit Devendra Ubale,T2512172056282102958370,535143522157,CREDIT,Credited to XXXXX0083,40
"Dec 17, 2025",8:54 PM,Paid to MORYA SNACKS CENTRE,T2512172054106063372841,622350986150,DEBIT,Paid by XXXXX0083,20
"Dec 17, 2025",5:50 PM,Paid to MORYA SNACKS,T2512171750038760026436,269562708116,DEBIT,Paid by XXXXX0083,24
"Dec 17, 2025",4:26 PM,Paid to Krishna General Store,T2512171626346681893813,234601769363,DEBIT,Paid by XXXXX0083,44
"Dec 17, 2025",1:28 PM,Received from Ashwajit Devendra Ubale,T2512171328466895831476,535120867929,CREDIT,Credited to XXXXX0083,105
"Dec 17, 2025",1:27 PM,Paid to Kollage Hotel,T2512171327111047820987,512241319745,DEBIT,Paid by XXXXX0083,195
"Dec 17, 2025",8:55 AM,Paid to PUNE METRO CCA DR WA,T2512170855091987223091,394909657436,DEBIT,Paid by XXXXX0083,27
"Dec 16, 2025",10:03 PM,Paid to EatClub,T2512162203318066085911,861433716014,DEBIT,Paid by XXXXX0083,220
"Dec 16, 2025",9:47 PM,Received from Ashwajit Devendra Ubale,T2512162147196765250917,535045918648,CREDIT,Credited to XXXXX0083,220
"Dec 16, 2025",1:13 PM,Paid to NIKHIL NAMDEV GHODEKAR,T2512161313509771969910,512060494427,DEBIT,Paid by XXXXXXXXXX1320,222
"Dec 16, 2025",1:05 PM,Received from Cashfree Payments,T2512161305195207588236,169618233505,CREDIT,Credited to XXXXX0083,118
"Dec 16, 2025",12:26 PM,Paid to Airtel,T2512161226490841482799,333028084310,DEBIT,Paid by XXXXXXXXXX1320,299
"Dec 16, 2025",11:51 AM,Paid to Zepto,T2512161151081761482667,752846683457,DEBIT,Paid by XXXXX0083,118
"Dec 15, 2025",8:24 PM,Paid to Xshitij Mall,T2512152024368773043926,354087111134,DEBIT,Paid by XXXXX0083,20
"Dec 15, 2025",8:22 PM,Paid to ZEPTO MARKETPLACE PRIVATE LIMITED,T2512152022112078464132,292421012561,DEBIT,Paid by XXXXX0083,141
"Dec 15, 2025",8:05 PM,Paid to MORYA SNACKS,T2512152005042210830484,727215969103,DEBIT,Paid by XXXXX0083,50
"Dec 15, 2025",7:58 PM,Received from PRASAD POPAT GAIKWAD,T2512151958438719366538,534914708353,CREDIT,Credited to XXXXXXXXXX1320,20
"Dec 15, 2025",7:58 PM,Received from PRASAD POPAT GAIKWAD,T2512151958038745395263,393849253383,CREDIT,Credited to XXXXXXXXXX1320,80
"Dec 15, 2025",2:23 AM,Received from KSHITIJ MALL,T2512150223072537560756,534943658533,CREDIT,Credited to XXXXX0083,248
"Dec 15, 2025",12:47 AM,Paid to EatClub,T2512150047141990218375,603291244667,DEBIT,Paid by XXXXX0083,187
"Dec 14, 2025",7:37 PM,Refund from IRCTC Rail Web,T2512141937358104143625,534841006369,CREDIT,Credited to XXXXX0083,1111.08
"Dec 14, 2025",1:46 PM,Paid to Swiggy,T2512141346508887682235,301666957196,DEBIT,Paid by XXXXX0083,176
"Dec 13, 2025",9:17 PM,Paid to Xshitij Mall,T2512132117065071332194,687138293204,DEBIT,Paid by XXXXX0083,45
"Dec 13, 2025",6:35 PM,Paid to Aadesh Harishchandra Rave,T2512131835060394813468,952466915656,DEBIT,Paid by XXXXX0083,350
"Dec 13, 2025",6:29 PM,Received from Mommy,T2512131829214797571872,889990625087,CREDIT,Credited to XXXXX0083,350
"Dec 13, 2025",5:38 PM,Paid to RAMESH PATEL,T2512131738466126906897,946744105848,DEBIT,Paid by XXXXX0083,30
"Dec 12, 2025",8:55 PM,Paid to Xshitij Mall,T2512122055042278528787,136530791924,DEBIT,Paid by XXXXX0083,5
"Dec 12, 2025",7:53 PM,Paid to YOGENDRA KUMAR,T2512121953321235230668,29173721218,DEBIT,Paid by XXXXX0083,1.69
"Dec 12, 2025",6:47 PM,Paid to MORYA SNACKS,T2512121847290020830771,374953922643,DEBIT,Paid by XXXXX0083,30
"Dec 12, 2025",5:29 PM,Paid to Krishna General Store,T2512121729414703584568,419458338825,DEBIT,Paid by XXXXX0083,12
"Dec 12, 2025",4:57 PM,Electricity bill paid 049084162484,NB25121216565608677099262,714354702819,DEBIT,Paid by XXXXX0083,8513
"Dec 12, 2025",4:57 PM,Received from Mommy,T2512121656581216466708,807512256250,CREDIT,Credited to XXXXX0083,4156
"Dec 12, 2025",3:41 PM,Paid to Krishna General Store,T2512121541122847682994,377398017999,DEBIT,Paid by XXXXX0083,47
"Dec 12, 2025",12:07 PM,Paid to Ashwajit Devendra Ubale,T2512121207411189427726,502873266070,DEBIT,Paid by XXXXX0083,500
"Dec 11, 2025",8:45 PM,Paid to BHAGWAT SNEHAL MAHES,T2512112045001950331019,869143567103,DEBIT,Paid by XXXXX0083,340
"Dec 11, 2025",7:16 PM,Paid to Mr Atish Rajendra Bodake,T2512111916103497051675,997359905197,DEBIT,Paid by XXXXX0083,3210
"Dec 11, 2025",1:36 PM,Paid to Yogesh Bakery,T2512111336297085064284,149870392102,DEBIT,Paid by XXXXX0083,32
"Dec 11, 2025",1:33 PM,Paid to MR SAGAR S MENGAJI,T2512111333070155765120,673305956234,DEBIT,Paid by XXXXX0083,123
"Dec 10, 2025",8:54 PM,Paid to Xshitij Mall,T2512102054213948121056,302639897048,DEBIT,Paid by XXXXX0083,70
"Dec 10, 2025",7:46 PM,Paid to Vijay Kumbare,T2512101946361393244207,977580388854,DEBIT,Paid by XXXXX0083,8500
"Dec 10, 2025",6:11 PM,Received from KSHITIJ MALL,T2512101811182844450113,695336908097,CREDIT,Credited to XXXXXXXXXX1320,2809
"Dec 10, 2025",6:06 PM,Received from PRASAD POPAT GAIKWAD,T2512101806154058340443,393582143753,CREDIT,Credited to XXXXXXXXXX1320,3214
"Dec 10, 2025",9:14 AM,Paid to NAND CHAT CORNER,T2512100913554898951460,607000537059,DEBIT,Paid by XXXXX0083,15
"Dec 09, 2025",9:39 PM,Paid to PUNE METRO CCA DR WA,T2512092139023019346236,399042430508,DEBIT,Paid by XXXXX0083,22.5
"Dec 09, 2025",7:03 PM,Paid to MORYA SNACKS CENTRE,T2512091903272476526795,357885663948,DEBIT,Paid by XXXXX0083,70
"Dec 09, 2025",5:59 PM,Paid to MORYA SNACKS,T2512091759006685544449,95881474911,DEBIT,Paid by XXXXX0083,10
"Dec 09, 2025",5:45 PM,Paid to 2 Durga Snacks ,T2512091745076738459980,300822945445,DEBIT,Paid by XXXXX0083,750
"Dec 09, 2025",4:40 PM,Refund from IRCTC Rail Web,T2512091640434420595080,534325537201,CREDIT,Credited to XXXXX0083,3210
"Dec 09, 2025",4:38 PM,Refund from IRCTC Rail Web,T2512091638075579123860,534325531349,CREDIT,Credited to XXXXX0083,535
"Dec 09, 2025",4:33 PM,Received from ShaÃ¼nak,T2512091633302455128687,938336706289,CREDIT,Credited to XXXXX0083,1000
"Dec 09, 2025",4:04 PM,Paid to IRCTC Rail Web,T2512091604333755723428,808750682059,DEBIT,Paid by XXXXX0083,1704.95
"Dec 09, 2025",3:46 PM,Received from ShaÃ¼nak,T2512091546412728580319,791106554792,CREDIT,Credited to XXXXX0083,2000
"Dec 09, 2025",2:33 PM,Paid to IRCTC Rail Web,T2512091433358250373946,374520879269,DEBIT,Paid by XXXXX0083,5364.95
"Dec 09, 2025",2:26 PM,Electricity bill paid 160268640166,NB25120914265209191721882,583034980555,DEBIT,Paid by XXXXX0083,223
"Dec 09, 2025",1:54 PM,Paid to Krishna General Store,T2512091354408273718053,463460046754,DEBIT,Paid by XXXXX0083,14
"Dec 09, 2025",1:41 PM,Received from ShaÃ¼nak,T2512091341001542721705,377515530168,CREDIT,Credited to XXXXX0083,5000
"Dec 08, 2025",6:04 PM,Paid to MORYA SNACKS CENTRE,T2512081804232807155217,597126505274,DEBIT,Paid by XXXXX0083,22
"Dec 07, 2025",9:50 PM,Received from PRASAD POPAT GAIKWAD,T2512072150565260743873,393445019783,CREDIT,Credited to XXXXXXXXXX1320,1
"Dec 07, 2025",9:33 PM,Refund from IRCTC Rail Web,T2512072133043051598894,534119896414,CREDIT,Credited to XXXXX0083,372.7
"Dec 07, 2025",9:22 PM,Paid to RATNA NANDKISHOR SONI,T2512072122375500410589,505888805450,DEBIT,Paid by XXXXX0083,10
"Dec 07, 2025",7:06 PM,Received from Gaurang Dhangar,T2512071906491090762918,398948389953,CREDIT,Credited to XXXXX0083,500
"Dec 07, 2025",6:50 PM,Paid to IRCTC Rail Web,T2512071850485939720269,534649224948,DEBIT,Paid by XXXXX0083,372.7
"Dec 07, 2025",6:46 PM,Paid to IRCTC Rail Web,T2512071846171758936307,383623877797,DEBIT,Paid by XXXXX0083,372.7
"Dec 07, 2025",12:12 PM,Paid to IRCTC Rail Web,T2512071212506034245634,143213242345,DEBIT,Paid by XXXXX0083,606.8
"Dec 07, 2025",12:10 PM,Paid to IRCTC Rail Web,T2512071210269619706092,775006495057,DEBIT,Paid by XXXXX0083,3581.8
"Dec 07, 2025",11:58 AM,Received from Mr Atish Rajendra Bodake,T2512071158468094585668,393408155512,CREDIT,Credited to XXXXX0083,6000
"Dec 06, 2025",9:38 PM,Paid to Manavi Pan Shop ,T2512062138076769720373,576458206578,DEBIT,Paid by XXXXXXXXXX1320,60
"Dec 06, 2025",9:06 PM,Paid to 2 Durga Snacks ,T2512062106129699206253,586403308936,DEBIT,Paid by XXXXXXXXXX1320,320
"Dec 06, 2025",5:41 PM,Received from Mommy,T2512061741345124112798,642779913958,CREDIT,Credited to XXXXX0083,7000
"Dec 06, 2025",1:52 PM,Paid to ZEPTO MARKETPLACE PRIVATE LIMITED,T2512061351548393430585,735183888321,DEBIT,Paid by XXXXX0083,171
"Dec 06, 2025",10:24 AM,Received from Madhav Malpani,T2512061024532498778187,867981036437,CREDIT,Credited to XXXXX0083,2400
"Dec 06, 2025",10:19 AM,Paid to IRCTC Rail Web,T2512061019202853871308,615065260197,DEBIT,Paid by XXXXX0083,1889.05
"Dec 05, 2025",8:45 PM,Paid to Patil Doctor,T2512052045192434119609,376599381052,DEBIT,Paid by XXXXX0083,3000
"Dec 05, 2025",5:07 PM,Paid to RAM MARKET,T2512051707090594432486,179244159432,DEBIT,Paid by XXXXX0083,24
"Dec 04, 2025",1:32 PM,Paid to Bhavesh Chaudhari,T2512041332120780420593,417739916588,DEBIT,Paid by XXXXX0083,62
"Dec 03, 2025",10:02 PM,Paid to Harshal K,T2512032202321219435556,20066848533,DEBIT,Paid by XXXXX0083,70
"Dec 03, 2025",4:22 PM,Paid to Krishna General Store,T2512031622199719879103,275248995295,DEBIT,Paid by XXXXXXXXXX1320,25
"Dec 03, 2025",1:37 PM,Paid to Krishna General Store,T2512031337177721800167,711383106037,DEBIT,Paid by XXXXXXXXXX1320,24
"Dec 03, 2025",9:28 AM,Paid to Krishna General Store,T2512030928456756583451,551075655034,DEBIT,Paid by XXXXXXXXXX1320,24
"Dec 02, 2025",9:42 AM,Paid to 2 Durga Snacks ,T2512020942410468382003,215759814886,DEBIT,Paid by XXXXXXXXXX1320,320
"Dec 01, 2025",7:34 PM,Paid to Zepto Marketplace,T2512011934511043265949,762494481260,DEBIT,Paid by XXXXX0083,158
"Dec 01, 2025",1:54 PM,Paid to Krishna General Store,T2512011354037193119665,708750288369,DEBIT,Paid by XXXXX0083,24
"Dec 01, 2025",9:27 AM,Paid to Krishna General Store,T2512010927399358116475,80541706442,DEBIT,Paid by XXXXX0083,12
"Dec 01, 2025",7:26 AM,Paid to PRASAD POPAT GAIKWAD,T2512010726380704103171,468964703896,DEBIT,Paid by XXXXX0083,20
"Nov 30, 2025",7:27 PM,Paid to Laxmi Trending,T2511301927420842096912,605157886463,DEBIT,Paid by XXXXX0083,110
"Nov 30, 2025",7:20 PM,Paid to RATNA NANDKISHOR SONI,T2511301920464148116867,955849540880,DEBIT,Paid by XXXXXXXXXX1320,15
"Nov 30, 2025",11:47 AM,Paid to RAM MARKET,T2511301147541244046986,8550413729,DEBIT,Paid by XXXXXXXXXX1320,2
"Nov 30, 2025",10:37 AM,Paid to MR SAGAR S MENGAJI,T2511301037430507620505,268847409118,DEBIT,Paid by XXXXXXXXXX1320,800
"Nov 30, 2025",10:21 AM,Paid to PUNERI CHAI,T2511301021428299935936,445893604288,DEBIT,Paid by XXXXXXXXXX1320,30
"Nov 30, 2025",7:11 AM,Paid to Harikrishnan FC,T2511300711017493209350,14347847063,DEBIT,Paid by XXXXXXXXXX1320,110
"Nov 29, 2025",2:14 PM,Paid to RAVINDRA BHAURAO BAGUL,T2511291413354837550998,12844931012,DEBIT,Paid by XXXXX0083,1500
"Nov 29, 2025",1:52 PM,Refund from IRCTC Rail Web,T2511291352003666194659,533393627363,CREDIT,Credited to XXXXX0083,992.7
"Nov 29, 2025",1:30 PM,Paid to PRASAD POPAT GAIKWAD,T2511291330481294657240,138303053427,DEBIT,Paid by XXXXXXXXXX1320,895
"Nov 29, 2025",11:35 AM,Paid to 2 Durga Snacks ,T2511291135373279928341,278026708373,DEBIT,Paid by XXXXX0083,320
"Nov 29, 2025",11:02 AM,Paid to IRCTC Rail Web,T2511291102100797620047,782874089558,DEBIT,Paid by XXXXX0083,992.7
"Nov 29, 2025",9:19 AM,Paid to PRASAD POPAT GAIKWAD,T2511290918597043074989,988494450129,DEBIT,Paid by XXXXX0083,30
"Nov 28, 2025",7:26 PM,Received from ******7378,T2511281926061747232158,650362821646,CREDIT,Credited to XXXXX0083,1500
"Nov 28, 2025",5:20 PM,Paid to MORYA SNACKS,T2511281720018529073626,419675564810,DEBIT,Paid by XXXXX0083,10
"Nov 28, 2025",5:12 PM,Paid to MORYA SNACKS,T2511281712507419697749,958637371480,DEBIT,Paid by XXXXX0083,34
"Nov 27, 2025",6:49 PM,Paid to PRASAD POPAT GAIKWAD,T2511271849202343839946,271508210244,DEBIT,Paid by XXXXX0083,50
"Nov 27, 2025",6:42 PM,Paid to MORYA SNACKS,T2511271842225885699764,69208575875,DEBIT,Paid by XXXXXXXXXX1320,20
"Nov 27, 2025",3:57 PM,Paid to Krishna General Store,T2511271557405402234751,952069936029,DEBIT,Paid by XXXXX0083,24
"Nov 26, 2025",4:43 PM,Received from Razorpay,T2511261643065784439081,371357713305,CREDIT,Credited to XXXXX0083,1882.7
"Nov 26, 2025",11:03 AM,Paid to Autope,AXI1a1d007931c6431cb62e2b48682d23cb,309154093305,DEBIT,Paid by XXXXX0083,1882.7
"Nov 26, 2025",9:42 AM,Paid to 2 Durga Snacks ,T2511260942531817588667,726027655455,DEBIT,Paid by XXXXXXXXXX1320,530
"Nov 25, 2025",9:35 AM,Mobile recharged 9372066611,NB25112509350086547173752,689578056905,DEBIT,Paid by XXXXX0083,149
"Nov 25, 2025",9:32 AM,Paid to Krishna General Store,T2511250932263181000449,932201888404,DEBIT,Paid by XXXXX0083,4
"Nov 24, 2025",4:37 PM,Paid to Krishna General Store,T2511241637532609138525,630862593626,DEBIT,Paid by XXXXX0083,34
"Nov 24, 2025",11:25 AM,Received from DATTATRAY KARBHARI BORADE,T2511241125556420731407,569419419149,CREDIT,Credited to XXXXX0083,375
"Nov 24, 2025",11:10 AM,Paid to IRCTC,T2511241110111464453607,379088399163,DEBIT,Paid by XXXXX0083,112.25
"Nov 24, 2025",11:04 AM,Paid to Indian Railways Catering and Tourism Corporation,AXIaa9f7f533cd54365b92e1fcc0cf3cd04,816451323285,DEBIT,Paid by XXXXX0083,112.25
"Nov 24, 2025",9:24 AM,Paid to Krishna General Store,T2511240924467187540992,528359738788,DEBIT,Paid by XXXXX0083,44
"Nov 23, 2025",8:00 PM,Paid to ZEPTO MARKETPLACE PRIVATE LIMITED,T2511232000515182139826,922390785340,DEBIT,Paid by XXXXX0083,147
"Nov 23, 2025",5:29 PM,Paid to A1 Vadapav Centre 2,T2511231729495985393742,381941554744,DEBIT,Paid by XXXXXXXXXX1320,40
"Nov 22, 2025",4:00 PM,Paid to DALA RAM GHANCHI SO BHANWAR LAL GHANCHI,T2511221559557178807574,424098995571,DEBIT,Paid by XXXXXXXXXX1320,10
"Nov 22, 2025",3:58 PM,Paid to ARCHANA ABHIJEET JADHAV,T2511221558420817702286,767765060541,DEBIT,Paid by XXXXXXXXXX1320,4
"Nov 22, 2025",3:14 PM,Paid to 2 Durga Snacks ,T2511221514505240059624,362514933590,DEBIT,Paid by XXXXXXXXXX1320,320
"Nov 22, 2025",9:35 AM,Paid to RAMESH PATEL,T2511220935506086123001,592908085177,DEBIT,Paid by XXXXXXXXXX1320,65
"Nov 22, 2025",8:40 AM,Paid to PUNE METRO CCA DR WA,T2511220840106731377338,134804945851,DEBIT,Paid by XXXXX0083,17.5
"Nov 22, 2025",7:48 AM,Paid to VILAS BHASKAR RAUT,T2511220748265096259053,732250598749,DEBIT,Paid by XXXXX0083,10
"Nov 21, 2025",6:10 PM,Paid to VILAS BHASKAR RAUT,T2511211810236280607199,590475579546,DEBIT,Paid by XXXXX0083,10
"Nov 21, 2025",12:52 PM,Paid to Yogesh Bakery,T2511211252533478487466,893625587670,DEBIT,Paid by XXXXXXXXXX1320,12
"Nov 21, 2025",9:17 AM,Paid to 2 Durga Snacks ,T2511210917338375439889,890121223413,DEBIT,Paid by XXXXXXXXXX1320,220
"Nov 21, 2025",9:15 AM,Paid to PRASAD POPAT GAIKWAD,T2511210915110765429986,4724505195,DEBIT,Paid by XXXXX0083,125
"Nov 20, 2025",1:40 PM,Paid to Mr CHANDRAKANT TUKARAM KHOPADE,T2511201339584518396497,93695767843,DEBIT,Paid by XXXXX0083,35
"Nov 20, 2025",1:19 PM,Paid to Om Sai Parking,T2511201319080907997528,468354769270,DEBIT,Paid by XXXXX0083,8
"Nov 20, 2025",9:40 AM,Paid to PRASAD POPAT GAIKWAD,T2511200940355537472502,989809617374,DEBIT,Paid by XXXXX0083,20
"Nov 19, 2025",9:53 PM,Paid to PRASAD POPAT GAIKWAD,T2511192153155670085755,968434563256,DEBIT,Paid by XXXXX0083,110
"Nov 19, 2025",6:13 PM,Paid to MORYA SNACKS CENTRE,T2511191813470266121546,437445860388,DEBIT,Paid by XXXXX0083,22
"Nov 19, 2025",1:47 PM,Refund from IRCTC Rail Web,T2511191347406679735536,532363488080,CREDIT,Credited to XXXXX0083,6144.95
"Nov 19, 2025",1:37 PM,Paid to Krishna General Store,T2511191337010771523455,817517109650,DEBIT,Paid by XXXXX0083,30
"Nov 19, 2025",10:01 AM,Paid to IRCTC Rail Web,C2511191001443238992842,491247645746,DEBIT,Paid by XXXXX0083,6144.95
"Nov 19, 2025",9:39 AM,Paid to 2 Durga Snacks ,T2511190938590739430713,838010955088,DEBIT,Paid by XXXXXXXXXX1320,320
"Nov 18, 2025",10:24 PM,Paid to Laxmi Trending,T2511182224291535195605,682984320310,DEBIT,Paid by XXXXXXXXXX1320,40
"Nov 18, 2025",9:40 PM,Paid to PRASAD POPAT GAIKWAD,T2511182140302506491218,876035104300,DEBIT,Paid by XXXXX0083,90
"Nov 18, 2025",5:16 PM,Paid to RATNA NANDKISHOR SONI,T2511181716104232535415,774836145645,DEBIT,Paid by XXXXXXXXXX1320,20
"Nov 18, 2025",10:08 AM,Paid to AIRTEL PAYMENTS BANK LIMITED,T2511181008239050596311,647425391617,DEBIT,Paid by XXXXX0083,299
"Nov 18, 2025",10:02 AM,Paid to IRCTC CF,HDF3F59E918EF794225A8FDB9F808416702,101994884047,DEBIT,Paid by XXXXX0083,6144.95
"Nov 17, 2025",9:08 PM,Paid to Harikrishnan FC,T2511172108290152882910,433616505451,DEBIT,Paid by XXXXX0083,10
"Nov 17, 2025",12:41 PM,Paid to RATNA NANDKISHOR SONI,T2511171241372158457633,460056072516,DEBIT,Paid by XXXXX0083,25
"Nov 17, 2025",12:26 PM,Paid to 2 Durga Snacks ,T2511171226516489584948,109067240793,DEBIT,Paid by XXXXXXXXXX1320,320
"Nov 16, 2025",6:39 PM,Paid to RAVINDRA PRAMOD BALI,T2511161839082322847337,896685898790,DEBIT,Paid by XXXXX0083,12
"Nov 16, 2025",11:10 AM,Received from DATTATRAY KARBHARI BORADE,T2511161110402172951145,568659552732,CREDIT,Credited to XXXXX0083,500
"Nov 15, 2025",10:00 PM,Received from ANKUSH SANTOSH SOLANKE,T2511152200344114987524,531913563333,CREDIT,Credited to XXXXX0083,80
"Nov 15, 2025",10:39 AM,Paid to IRCTC CF,HDF8D34DC00EAEB4BAD9E809D2B2DD4AE0A,101973556155,DEBIT,Paid by XXXXX0083,2254.5
"Nov 15, 2025",10:36 AM,Received from NAMRATA NILESH BHALGATIYA,T2511151036319554812003,531935339676,CREDIT,Credited to XXXXX0083,2400
"Nov 14, 2025",10:29 PM,Received from PRASAD POPAT GAIKWAD,T2511142229193888129852,531843011813,CREDIT,Credited to XXXXX0083,424
"Nov 14, 2025",10:29 PM,Paid to ZEPTO MARKETPLACE PRIVATE LIMITED,T2511142229079573574429,309993504272,DEBIT,Paid by XXXXX0083,506
"Nov 14, 2025",9:44 PM,Received from shrwankumar,T2511142144385860134438,433504739834,CREDIT,Credited to XXXXX0083,500
"Nov 13, 2025",11:54 AM,Paid to Srujan,T2511131154020802543585,97419737308,DEBIT,Paid by XXXXX0083,90
"Nov 13, 2025",11:43 AM,Paid to 2 Durga Snacks ,T2511131143203342103889,222032249908,DEBIT,Paid by XXXXXXXXXX1320,850
"Nov 12, 2025",4:18 PM,Paid to Krishna General Store,T2511121618166048062375,942159076358,DEBIT,Paid by XXXXX0083,24
"Nov 12, 2025",1:17 PM,Paid to Krishna General Store,T2511121317429031602513,335418796083,DEBIT,Paid by XXXXX0083,25
"Nov 12, 2025",6:40 AM,Paid to MORYA SNACKS CENTRE,T2511120640436850563929,369389079130,DEBIT,Paid by XXXXXXXXXX1320,34
"Nov 11, 2025",6:25 PM,Paid to 2 Durga Snacks ,T2511111825268319707757,124570163518,DEBIT,Paid by XXXXXXXXXX1320,300
"Nov 11, 2025",5:19 PM,Paid to Aadesh Harishchandra Rave,T2511111719198415284260,574669709193,DEBIT,Paid by XXXXX0083,350
"Nov 11, 2025",2:15 PM,Paid to JAI AMBIKA XEROX CENTER,T2511111415214857644324,192436479234,DEBIT,Paid by XXXXX0083,2
"Nov 10, 2025",3:36 PM,Paid to Krishna General Store,T2511101536439920652517,923528071655,DEBIT,Paid by XXXXX0083,26
"Nov 10, 2025",9:16 AM,Paid to VILAS BHASKAR RAUT,T2511100916377683311969,851355088383,DEBIT,Paid by XXXXX0083,3
"Nov 09, 2025",10:16 PM,Received from PRASAD POPAT GAIKWAD,T2511092216491770330735,567977941465,CREDIT,Credited to XXXXX0083,3090
"Nov 09, 2025",10:00 PM,Paid to IRCTC e ticketing,HDF9C74BFA1B0AA4878BE9DB9C8DFA9C7B7,101930162200,DEBIT,Paid by XXXXX0083,343.15
"Nov 09, 2025",8:18 PM,Paid to Vijay Kumbare,T2511092018061795718655,309487906766,DEBIT,Paid by XXXXX0083,8500
"Nov 09, 2025",7:22 PM,Paid to Swiggy,T2511091922385549149159,782543169302,DEBIT,Paid by XXXXX0083,177
"Nov 09, 2025",2:28 PM,Paid to Swiggy Ltd,T2511091428353503395327,620255362379,DEBIT,Paid by XXXXX0083,225
"Nov 09, 2025",2:28 PM,Received from PRASAD POPAT GAIKWAD,T2511091428358221153003,294721912892,CREDIT,Credited to XXXXX0083,86
"Nov 09, 2025",9:53 AM,Paid to SONKUL AGRO INDUSTRIES PVT LTD,T2511090953163786448877,356909110814,DEBIT,Paid by XXXXX0083,4065
"Nov 08, 2025",2:18 PM,Paid to RAM MARKET,T2511081418134574863378,321646336295,DEBIT,Paid by XXXXX0083,22
"Nov 08, 2025",2:03 PM,Paid to Srujan,T2511081403363030124797,349432425181,DEBIT,Paid by XXXXX0083,100
"Nov 08, 2025",1:28 PM,Paid to 2 Durga Snacks ,T2511081328109933007191,336287235260,DEBIT,Paid by XXXXXXXXXX1320,430
"Nov 08, 2025",12:45 PM,Paid to Harikrishnan FC,T2511081245479500445397,885471037569,DEBIT,Paid by XXXXX0083,80
"Nov 08, 2025",12:30 PM,Paid to ARNAV SNACKS CENTER,T2511081230338940723131,360142605822,DEBIT,Paid by XXXXXXXXXX1320,20
"Nov 08, 2025",6:48 AM,Paid to VILAS BHASKAR RAUT,T2511080648024179314076,568428848628,DEBIT,Paid by XXXXXXXXXX1320,12
"Nov 07, 2025",6:40 PM,Received from Mommy,T2511071840322935167962,671039752693,CREDIT,Credited to XXXXX0083,9000
"Nov 07, 2025",6:01 PM,Paid to RATNA NANDKISHOR SONI,T2511071801462650445838,753339880759,DEBIT,Paid by XXXXXXXXXX1320,10
"Nov 07, 2025",1:47 PM,Paid to pratik tea stall,T2511071347271184926617,82481991111,DEBIT,Paid by XXXXXXXXXX1320,14
"Nov 06, 2025",7:27 PM,Paid to Laxmi Trading company,T2511061927067615910494,654079900340,DEBIT,Paid by XXXXXXXXXX1320,60
"Nov 06, 2025",6:15 PM,Paid to RATNA NANDKISHOR SONI,T2511061815110001616671,265935491175,DEBIT,Paid by XXXXXXXXXX1320,10
"Nov 06, 2025",4:27 PM,Paid to Krishna General Store,T2511061627277027921847,647728356429,DEBIT,Paid by XXXXXXXXXX1320,24
"Nov 06, 2025",1:18 PM,Paid to IRCTC CF,HDF6E6E7EA1AC764B24A5E57F18B7FA5901,101900250984,DEBIT,Paid by XXXXX0083,3393.6
"Nov 06, 2025",11:51 AM,Paid to IRCTC CF,HDF3AF1975E28E0402ABBD7A03B197ED49C,101899245069,DEBIT,Paid by XXXXX0083,5043.6
"Nov 06, 2025",11:35 AM,Received from SONKUL AGRO INDUSTRIES PRIVATE LIMI,T2511061135022840791580,531018005879,CREDIT,Credited to XXXXX0083,10000
"Nov 05, 2025",10:45 PM,Transfer to XXXXX0083,T2511052245299432315659,13302321041,DEBIT,Paid by XXXXXXXXXX1320,5000
"Nov 05, 2025",7:48 PM,Paid to M S S R WINES,T2511051948115152391401,857074919446,DEBIT,Paid by XXXXX0083,50
"Nov 05, 2025",7:44 PM,Paid to MORYA SNACKS CENTRE,T2511051944092224152396,287497401117,DEBIT,Paid by XXXXXXXXXX1320,20
"Nov 05, 2025",7:41 PM,Received from PRASAD POPAT GAIKWAD,T2511051941310809090078,530930899213,CREDIT,Credited to XXXXX0083,50
"Nov 05, 2025",4:20 PM,Paid to Krishna General Store,T2511051620198797426834,853710993321,DEBIT,Paid by XXXXXXXXXX1320,24
"Nov 05, 2025",1:33 PM,Paid to Krishna General Store,T2511051333492791169048,942285965747,DEBIT,Paid by XXXXXXXXXX1320,12
"Nov 04, 2025",6:11 PM,Paid to VILAS BHASKAR RAUT,T2511041811124801676960,535524201129,DEBIT,Paid by XXXXXXXXXX1320,24
"Nov 04, 2025",4:07 PM,Electricity bill paid 160268640166,NB25110416072042064188282,992459168946,DEBIT,Paid by XXXXXXXXXX1320,203
"Nov 04, 2025",3:47 PM,Paid to Krishna General Store,T2511041547364129948066,573863076723,DEBIT,Paid by XXXXXXXXXX1320,24
"Nov 04, 2025",2:51 PM,Received from KSHITIJ MALL,T2511041451194283664220,391752957271,CREDIT,Credited to XXXXXXXXXX1320,3000
"Nov 03, 2025",8:09 PM,Paid to King Momoswala,T2511032009267367342434,778452411660,DEBIT,Paid by XXXXXXXXXX1320,25
"Nov 03, 2025",8:07 PM,Paid to Xshitij Mall,T2511032007379926941239,813500150811,DEBIT,Paid by XXXXXXXXXX1320,40
"Nov 03, 2025",8:02 PM,Paid to 2 Durga Snacks ,T2511032002554962878153,996757345215,DEBIT,Paid by XXXXXXXXXX1320,110
"Nov 03, 2025",6:29 PM,Paid to MORYA SNACKS CENTRE,T2511031829349699946826,566842020201,DEBIT,Paid by XXXXX0083,24
"Nov 03, 2025",1:45 PM,Paid to Krishna General Store,T2511031344564418997281,701476069789,DEBIT,Paid by XXXXXXXXXX1320,40
"Nov 02, 2025",10:50 PM,Paid to Xshitij Mall,T2511022250464867240309,280341391076,DEBIT,Paid by XXXXXXXXXX1320,95
"Nov 02, 2025",9:00 PM,Paid to Laxmi Trading company,T2511022100297275386079,229092277398,DEBIT,Paid by XXXXX0083,10
"Nov 02, 2025",7:12 PM,Paid to Xshitij Mall,T2511021912201403976536,981817767935,DEBIT,Paid by XXXXXXXXXX1320,800
"Nov 01, 2025",8:09 AM,Paid to IRCTC CF,HDF30777CA7584B4AE4AE12C52F7DFB001E,101837980963,DEBIT,Paid by XXXXX0083,2273.6
"Oct 31, 2025",1:53 PM,Paid to Krishna General Store,T2510311353506827691898,97609748322,DEBIT,Paid by XXXXX0083,15
"Oct 31, 2025",11:01 AM,Paid to IRCTC CF,HDFD21AA67067574CC8B69921EA4C63D549,101831001587,DEBIT,Paid by XXXXX0083,912.25
"Oct 31, 2025",7:53 AM,Received from Mommy,T2510310753448762335536,357839104353,CREDIT,Credited to XXXXX0083,2200
"Oct 30, 2025",6:11 PM,Paid to DALA RAM GHANCHI SO BHANWAR LAL GHANCHI,T2510301811560797570393,872183497906,DEBIT,Paid by XXXXX0083,90
"Oct 30, 2025",6:11 PM,Paid to PINGALE MADHAVI TANAJI,T2510301811172916188531,45651834728,DEBIT,Paid by XXXXX0083,15
"Oct 30, 2025",5:52 PM,Paid to PUNE METRO CCA DR WA,T2510301752424024508874,972893889539,DEBIT,Paid by XXXXX0083,13.5
"Oct 30, 2025",1:37 PM,Paid to Krishna General Store,T2510301337116031071795,604598385556,DEBIT,Paid by XXXXX0083,10
"Oct 30, 2025",10:02 AM,Paid to IRCTC CF,HDFB0C2017303E04612821F3CF31CC3AEF4,101823243776,DEBIT,Paid by XXXXX0083,2284.05
"Oct 30, 2025",9:59 AM,Received from ******7452,T2510300959220834314535,976155654238,CREDIT,Credited to XXXXX0083,2500
"Oct 30, 2025",8:09 AM,Paid to IRCTC CF,T2510300808588466478767,28726733417,DEBIT,Paid by XXXXX0083,893.6
"Oct 30, 2025",8:06 AM,Received from Mommy,T2510300806548374737895,562686961300,CREDIT,Credited to XXXXX0083,1000
"Oct 29, 2025",1:35 PM,Paid to Krishna General Store,T2510291335542215067152,16794048329,DEBIT,Paid by XXXXX0083,10
"Oct 29, 2025",12:32 PM,Paid to IRCTC CF,HDF9BC4FF2D3D7A4E729BB5CFF491284DE6,101816728608,DEBIT,Paid by XXXXX0083,2253.6
"Oct 29, 2025",10:01 AM,Paid to IRCTC CF,HDF2209950A9B4341239564A4931D42F918,101815706708,DEBIT,Paid by XXXXX0083,5785.4
"Oct 29, 2025",9:28 AM,Paid to NAEEMAHMAD NASIMAHMAD ANSARI,T2510290928205644239289,916907069188,DEBIT,Paid by XXXXX0083,20
"Oct 29, 2025",8:17 AM,Mobile recharged 9372066611,NB25102908174783307571862,220035033786,DEBIT,Paid by XXXXX0083,149
"Oct 28, 2025",1:40 PM,Paid to Krishna General Store,T2510281340254740859807,870842951798,DEBIT,Paid by XXXXX0083,10
"Oct 28, 2025",11:23 AM,Received from VIRENDRA K SANCHETI,T2510281123032149248050,566739458246,CREDIT,Credited to XXXXX0083,135
"Oct 28, 2025",11:01 AM,Paid to IRCTC CF,T2510281101253791192568,414026661129,DEBIT,Paid by XXXXX0083,132.25
"Oct 27, 2025",8:54 PM,Paid to Xshitij Mall,T2510272054529348687795,642944468446,DEBIT,Paid by XXXXX0083,165
"Oct 27, 2025",7:23 PM,Paid to Xshitij Mall,T2510271923094822212348,157129363557,DEBIT,Paid by XXXXX0083,187
"Oct 27, 2025",6:14 PM,Paid to 112PUNE 8 KOTHRUD,T2510271814361392332392,776537516279,DEBIT,Paid by XXXXX0083,28
"Oct 27, 2025",1:37 PM,Paid to Krishna General Store,T2510271337253532283441,729001238954,DEBIT,Paid by XXXXX0083,10
"Oct 27, 2025",11:01 AM,Paid to IRCTC CF,T2510271101146402355812,334059591576,DEBIT,Paid by XXXXX0083,112.25
"Oct 27, 2025",10:11 AM,Paid to IRCTC CF,T2510271011442140323892,843284388524,DEBIT,Paid by XXXXX0083,2013.6
"Oct 26, 2025",7:29 PM,Paid to Xshitij Mall,T2510261929282976893985,669120080355,DEBIT,Paid by XXXXX0083,100
"Oct 25, 2025",9:27 PM,Paid to Amazon Pay on Delivery,T2510252127011282283816,240009105372,DEBIT,Paid by XXXXX0083,116
"Oct 25, 2025",6:57 PM,Mobile recharged 8055022181,NB25102518572953098289642,448790532479,DEBIT,Paid by XXXXX0083,22
"Oct 25, 2025",2:25 PM,Paid to Shakunta Petroleum HPCL,T2510251425068588058427,645799540015,DEBIT,Paid by XXXXX0083,100
"Oct 25, 2025",2:18 PM,Received from Mommy,T2510251418542711237344,802246466547,CREDIT,Credited to XXXXX0083,400
"Oct 25, 2025",7:58 AM,Received from Parag Bhadane,T2510250758162003718497,983809310994,CREDIT,Credited to XXXXX0083,300
"Oct 24, 2025",4:47 PM,Paid to Rameshwar Ashok Mule,T2510241647340569816280,981033082808,DEBIT,Paid by XXXXX0083,95
"Oct 24, 2025",11:01 AM,Paid to IRCTC CF,HDF300CF1588E794FB9B3626048E1CF6C3B,101780504214,DEBIT,Paid by XXXXX0083,152.25
"Oct 23, 2025",10:27 PM,Paid to NASHIK FOOD CAFE,T2510232227062605672928,564431971379,DEBIT,Paid by XXXXX0083,220
"Oct 23, 2025",9:58 PM,Received from SARITA MANOJ KOTHARI,T2510232158540443270095,529622091696,CREDIT,Credited to XXXXX0083,220
"Oct 23, 2025",9:17 PM,Paid to NANDKISHOR SUPADU WANI,T2510232117139720781939,92485126709,DEBIT,Paid by XXXXX0083,240
"Oct 23, 2025",8:27 PM,Paid to SUGHANDHI ATTAR FAROSH,T2510232027067157781844,67427610653,DEBIT,Paid by XXXXX0083,350
"Oct 23, 2025",10:18 AM,Received from RANAVIR NANAJI PATIL CHAVAN,T2510231018169126062143,529671622953,CREDIT,Credited to XXXXX0083,2125
"Oct 23, 2025",10:02 AM,Paid to IRCTC CF,HDF5BD347AA67B846238AEC081CDA1A57BB,101773053219,DEBIT,Paid by XXXXX0083,1124.05
"Oct 22, 2025",9:42 PM,Paid to AMRITSAR SOYA CHAAP,T2510222142522420142291,432030737123,DEBIT,Paid by XXXXX0083,190
"Oct 22, 2025",9:34 PM,Received from SARITA MANOJ KOTHARI,T2510222134422473473248,566133785155,CREDIT,Credited to XXXXX0083,200
"Oct 20, 2025",5:27 PM,Paid to SAIKRUPA MENS PARLOUR,T2510201727321864231284,419119513380,DEBIT,Paid by XXXXX0083,125
"Oct 19, 2025",10:59 PM,Paid to KULSWAMINI ENTERPRISES,T2510192259455357904810,128750766068,DEBIT,Paid by XXXXX0083,105
"Oct 19, 2025",10:52 PM,Received from Mommy,T2510192252480387760930,27329084979,CREDIT,Credited to XXXXX0083,500
"Oct 19, 2025",12:59 PM,Paid to SHAM SUNDAR MISAL,T2510191259454398687413,362182173056,DEBIT,Paid by XXXXX0083,530
"Oct 19, 2025",12:15 PM,Paid to Mr Parag H Vaishampayan,T2510191215130199816236,62495925913,DEBIT,Paid by XXXXX0083,2100
"Oct 18, 2025",2:15 PM,Paid to Khan Sohail Shakir,T2510181415108279808393,594445788692,DEBIT,Paid by XXXXX0083,10
"Oct 18, 2025",2:14 PM,Received from Ashwajit Devendra Ubale,T2510181414505776711264,529156625580,CREDIT,Credited to XXXXX0083,3
"Oct 18, 2025",1:21 PM,Paid to CHUNNILAL_NAGDA_LLP_,T2510181321419826760688,398122244324,DEBIT,Paid by XXXXX0083,30
"Oct 17, 2025",6:12 PM,Paid to IRCTCTOURISM,HDF80DDFB0C44E24D9E9F5CB7FDAAD3B007,101732394895,DEBIT,Paid by XXXXX0083,45
"Oct 17, 2025",5:41 PM,Paid to PUNE METRO CCA DR WA,T2510171741203316885057,532929843826,DEBIT,Paid by XXXXX0083,18
"Oct 17, 2025",2:28 PM,Paid to Krishna General Store,T2510171428424516402262,719165213649,DEBIT,Paid by XXXXX0083,12
"Oct 17, 2025",12:11 PM,Paid to Mama,T2510171211519636893116,363217648531,DEBIT,Paid by XXXXX0083,1970
"Oct 16, 2025",8:17 PM,Paid to Harikrishnan FC,T2510162017091593532622,28298527810,DEBIT,Paid by XXXXX0083,24
"Oct 16, 2025",6:30 PM,Paid to RAM MARKET,T2510161830255829838681,449481800261,DEBIT,Paid by XXXXX0083,12
"Oct 16, 2025",1:55 PM,Paid to Krishna General Store,T2510161355185087719204,934379325194,DEBIT,Paid by XXXXX0083,15
"Oct 16, 2025",9:35 AM,Paid to NIRVI SNACKS,T2510160935224048687279,38201425001,DEBIT,Paid by XXXXX0083,14
"Oct 15, 2025",10:00 PM,Paid to Xshitij Mall,T2510152200010315549073,939799033842,DEBIT,Paid by XXXXX0083,122
"Oct 15, 2025",9:34 PM,Paid to EatClub,T2510152134390454250097,372930486321,DEBIT,Paid by XXXXX0083,104
"Oct 15, 2025",1:39 PM,Paid to Krishna General Store,T2510151339075751770262,13829155901,DEBIT,Paid by XXXXX0083,41
"Oct 15, 2025",11:01 AM,Paid to IRCTC CF,HDF74847E24BDE6474884C52A4A6C09F158,101712129466,DEBIT,Paid by XXXXX0083,497.25
"Oct 14, 2025",6:43 PM,Paid to VILAS BHASKAR RAUT,T2510141843312473224380,296153073842,DEBIT,Paid by XXXXX0083,22
"Oct 14, 2025",12:08 AM,Paid to SHREENATH ENTERPRISES,T2510140008229735341703,722689042960,DEBIT,Paid by XXXXX0083,15
"Oct 13, 2025",10:42 PM,Paid to RAM MARKET,T2510132242051465558014,744078885541,DEBIT,Paid by XXXXX0083,26
"Oct 13, 2025",10:35 PM,Paid to Xshitij Mall,T2510132235436023106590,509727960735,DEBIT,Paid by XXXXX0083,57
"Oct 13, 2025",9:02 PM,Paid to Patil Doctor,T2510132102461859444062,539535245357,DEBIT,Paid by XXXXX0083,600
"Oct 13, 2025",6:45 PM,Paid to Aadesh Harishchandra Rave,T2510131845318872483159,328572199342,DEBIT,Paid by XXXXX0083,350
"Oct 13, 2025",1:37 PM,Paid to Krishna General Store,T2510131337393873122367,400068787744,DEBIT,Paid by XXXXX0083,12
"Oct 13, 2025",2:07 AM,Paid to Xshitij Mall,T2510130207347704336635,672265621544,DEBIT,Paid by XXXXX0083,299
"Oct 12, 2025",3:11 PM,Paid to VILAS BHASKAR RAUT,T2510121511207388002540,126771979114,DEBIT,Paid by XXXXX0083,140
"Oct 11, 2025",7:54 PM,Paid to Rushikesh FC,T2510111954121978605668,628584834032,DEBIT,Paid by XXXXX0083,100
"Oct 11, 2025",2:21 PM,Paid to RATNA NANDKISHOR SONI,T2510111421422901550362,941771804611,DEBIT,Paid by XXXXX0083,39
"Oct 10, 2025",10:44 PM,Received from ******1384,T2510102244427234967486,285201191462,CREDIT,Credited to XXXXX0083,870
"Oct 10, 2025",6:31 PM,Paid to Xshitij Mall,T2510101831539446416218,903228904101,DEBIT,Paid by XXXXX0083,80
"Oct 10, 2025",5:50 PM,Paid to RAVINDRA PRAMOD BALI,T2510101750151902548706,623757387408,DEBIT,Paid by XXXXX0083,2
"Oct 10, 2025",5:01 PM,Paid to RAMESH PATEL,T2510101701159173323849,604064623096,DEBIT,Paid by XXXXX0083,12
"Oct 10, 2025",4:51 PM,Paid to RAMESH PATEL,T2510101651402267670150,463786060779,DEBIT,Paid by XXXXX0083,12
"Oct 10, 2025",3:58 PM,Received from Harshal Bothra,T2510101558231837344707,70915278490,CREDIT,Credited to XXXXX0083,1200
"Oct 10, 2025",3:40 PM,Paid to IRCTC CF,HDF9BD928468E1A4DFDBBE8DF122A3D38F2,101674189173,DEBIT,Paid by XXXXX0083,939.05
"Oct 10, 2025",1:57 PM,Received from KSHITIJ MALL,T2510101357563533995458,390520400974,CREDIT,Credited to XXXXX0083,20
"Oct 10, 2025",12:48 PM,Paid to VAISHNAVI GIRISH YERAVDEKAR,T2510101248377802548659,114886811342,DEBIT,Paid by XXXXX0083,100
"Oct 10, 2025",11:02 AM,Paid to Krishna General Store,T2510101102075511636785,317811504794,DEBIT,Paid by XXXXX0083,20
"Oct 10, 2025",9:39 AM,Paid to 2 Durga Snacks ,T2510100939172058592716,211483614033,DEBIT,Paid by XXXXX0083,630
"Oct 10, 2025",7:38 AM,Electricity bill paid 160268640166,NB25101007375984995689282,450663359815,DEBIT,Paid by XXXXX0083,320
"Oct 10, 2025",7:37 AM,Paid to Vijay Kumbare,T2510100737425789463130,203274997966,DEBIT,Paid by XXXXX0083,8500
"Oct 09, 2025",10:30 PM,Paid to Xshitij Mall,T2510092230355434274301,590293748282,DEBIT,Paid by XXXXX0083,148
"Oct 09, 2025",10:28 PM,Received from PRASAD POPAT GAIKWAD,T2510092228239884526838,692002319137,CREDIT,Credited to XXXXX0083,2940
"Oct 09, 2025",9:05 PM,Paid to DALA RAM GHANCHI SO BHANWAR LAL GHANCHI,T2510092105280599661241,584218218889,DEBIT,Paid by XXXXX0083,10
"Oct 09, 2025",9:03 PM,Paid to Kalpana Indrajit Mokate,T2510092103191458479430,275927453329,DEBIT,Paid by XXXXX0083,60
"Oct 09, 2025",5:54 PM,Paid to VILAS BHASKAR RAUT,T2510091754243788754466,345492182620,DEBIT,Paid by XXXXX0083,22
"Oct 09, 2025",4:43 PM,Paid to BHAVNA SUBHASH LODHA,T2510091643045188912127,582396909089,DEBIT,Paid by XXXXX0083,870
"Oct 09, 2025",1:48 PM,Paid to Krishna General Store,T2510091348164425903301,633151661882,DEBIT,Paid by XXXXX0083,10
"Oct 08, 2025",9:28 PM,Paid to DALA RAM GHANCHI SO BHANWAR LAL GHANCHI,T2510082128389460401269,785625397139,DEBIT,Paid by XXXXX0083,30
"Oct 08, 2025",9:26 PM,Paid to Kalpana Indrajit Mokate,T2510082126325928178878,706442670814,DEBIT,Paid by XXXXX0083,60
"Oct 08, 2025",6:25 PM,Paid to RAM MARKET,T2510081825345783767856,679010159330,DEBIT,Paid by XXXXX0083,12
"Oct 08, 2025",1:33 PM,Paid to Krishna General Store,T2510081333501676266667,903100599390,DEBIT,Paid by XXXXX0083,10
"Oct 07, 2025",11:12 PM,Received from Mommy,T2510072312483283417229,259274082458,CREDIT,Credited to XXXXX0083,9000
"Oct 07, 2025",10:17 PM,Received from SARITA MANOJ KOTHARI,T2510072217333272385800,528023437308,CREDIT,Credited to XXXXX0083,800
"Oct 07, 2025",9:42 PM,Paid to Xshitij Mall,T2510072142097400755607,295994006927,DEBIT,Paid by XXXXX0083,73
"Oct 07, 2025",8:05 PM,Paid to Purohit mithas,T2510072005202602510800,970529794491,DEBIT,Paid by XXXXX0083,45
"Oct 07, 2025",5:21 PM,Paid to Patil Doctor,T2510071721417445903135,340581347303,DEBIT,Paid by XXXXX0083,1000
"Oct 07, 2025",4:57 PM,Paid to Patil Doctor,T2510071657492170633419,373866111033,DEBIT,Paid by XXXXX0083,500
"Oct 07, 2025",1:30 PM,Paid to Krishna General Store,T2510071330094112300974,570232272654,DEBIT,Paid by XXXXX0083,10
"Oct 06, 2025",9:45 PM,Paid to Siddhivinayka super market,T2510062145174791685157,38538014161,DEBIT,Paid by XXXXX0083,27
"Oct 06, 2025",9:41 PM,Paid to Angara Biryani,T2510062141452522913690,581785744402,DEBIT,Paid by XXXXX0083,110
"Oct 06, 2025",9:26 PM,Paid to GANESH ENTERPRISES,T2510062126211375181610,507916997210,DEBIT,Paid by XXXXX0083,20
"Oct 06, 2025",5:58 PM,Paid to VILAS BHASKAR RAUT,T2510061758185411052332,335780109698,DEBIT,Paid by XXXXX0083,22
"Oct 06, 2025",1:29 PM,Paid to Krishna General Store,T2510061329216640367819,417685818790,DEBIT,Paid by XXXXX0083,10
"Oct 06, 2025",9:07 AM,Paid to RAMESH PATEL,T2510060907248776558755,538464908461,DEBIT,Paid by XXXXX0083,17
"Oct 05, 2025",8:27 PM,Paid to Ravi pawar tea stall,T2510052027084944701439,368649483001,DEBIT,Paid by XXXXX0083,135
"Oct 05, 2025",11:36 AM,Paid to VILAS BHASKAR RAUT,T2510051136433051729030,650217106259,DEBIT,Paid by XXXXX0083,50
"Oct 04, 2025",9:18 PM,Paid to Xshitij Mall,T2510042118102995331998,280196794383,DEBIT,Paid by XXXXX0083,116
"Oct 04, 2025",6:36 PM,Paid to Xshitij Mall,T2510041836215694895689,730673081512,DEBIT,Paid by XXXXX0083,250
"Oct 04, 2025",4:16 PM,Paid to SAI SAGAR SNACKS,T2510041616488591729716,385256979617,DEBIT,Paid by XXXXX0083,80
"Oct 04, 2025",4:03 PM,Paid to Harikrishnan FC,T2510041603284659319369,303444065205,DEBIT,Paid by XXXXX0083,20
"Oct 04, 2025",1:12 PM,Paid to Chetana Rane,T2510041311594976511036,442468844185,DEBIT,Paid by XXXXX0083,100
"Oct 04, 2025",12:28 AM,Mobile recharged 9822066735,NB25100400283336752587432,834036754840,DEBIT,Paid by XXXXX0083,671
"Oct 03, 2025",10:23 PM,Paid to Siddhivinayka super market,T2510032223481963870935,879292841248,DEBIT,Paid by XXXXX0083,35
"Oct 03, 2025",10:21 PM,Paid to Vedant FC,T2510032221203413397844,791618145094,DEBIT,Paid by XXXXX0083,90
"Oct 03, 2025",6:15 PM,Paid to RAVINDRA PRAMOD BALI,T2510031815239446935498,74142223805,DEBIT,Paid by XXXXX0083,12
"Oct 03, 2025",6:11 PM,Paid to VILAS BHASKAR RAUT,T2510031811146714615642,209352846418,DEBIT,Paid by XXXXX0083,15
"Oct 03, 2025",1:48 PM,Paid to Krishna General Store,T2510031348146849432303,782474432211,DEBIT,Paid by XXXXX0083,11
"Oct 03, 2025",1:17 PM,Received from KSHITIJ MALL,T2510031317476060179847,527658022088,CREDIT,Credited to XXXXXXXXXX1320,220
"Oct 03, 2025",1:15 PM,Received from KSHITIJ MALL,T2510031315554019764218,691636292724,CREDIT,Credited to XXXXXXXXXX1320,3000
"Oct 03, 2025",10:20 AM,Paid to RAMESH PATEL,T2510031019551585570606,301067489435,DEBIT,Paid by XXXXX0083,30
"Oct 03, 2025",8:18 AM,Paid to Harikrishnan FC,T2510030818417943604773,934142413281,DEBIT,Paid by XXXXX0083,5
"Oct 02, 2025",12:10 PM,Received from DATTATRAY KARBHARI BORADE,T2510021210410999338067,112063499365,CREDIT,Credited to XXXXX0083,200
"Oct 02, 2025",9:52 AM,Paid to PUNE METRO CCA DR WA,T2510020952292955978612,232571459713,DEBIT,Paid by XXXXX0083,27
"Oct 01, 2025",8:39 PM,Paid to EATCLUB,T2510012038569205663552,126396699041,DEBIT,Paid by XXXXX0083,220
"Oct 01, 2025",8:36 PM,Received from PRASAD POPAT GAIKWAD,T2510012036051163807081,564043775941,CREDIT,Credited to XXXXX0083,175
"Oct 01, 2025",5:58 PM,Paid to RATNA NANDKISHOR SONI,T2510011758022666556064,239877511651,DEBIT,Paid by XXXXX0083,15
"Oct 01, 2025",1:43 PM,Paid to Krishna General Store,T2510011343207130365152,291868508941,DEBIT,Paid by XXXXX0083,10
"Oct 01, 2025",10:45 AM,Paid to FINANCE  ACCOUNTS OFFICER SAVITRIBAI PHULE PUNE UNIVERSITY,AIR1RO5cuac1czDYRUT2459013786QPAY02,527410409132,DEBIT,Paid by XXXXX0083,1475
"Oct 01, 2025",8:32 AM,Paid to Patil Doctor,T2510010832129884672198,992111893261,DEBIT,Paid by XXXXX0083,500
"Sep 30, 2025",10:04 PM,Paid to TIKONA DAIRY,T2509302204178458475109,598166875888,DEBIT,Paid by XXXXX0083,20
"Sep 30, 2025",9:30 PM,Paid to EATCLUB,T2509302130420772926839,576524011711,DEBIT,Paid by XXXXX0083,104
"Sep 30, 2025",8:27 PM,Paid to Patil Doctor,T2509302027219837936253,32677937692,DEBIT,Paid by XXXXX0083,1500
"Sep 30, 2025",7:19 PM,Received from Google Pay,T2509301919384944572582,910553262735,CREDIT,Credited to XXXXX0083,2
"Sep 30, 2025",7:19 PM,Payment to Google,OLEX2509301919215193706579,910522742735,DEBIT,Paid by XXXXX0083,2
"Sep 30, 2025",6:21 PM,Paid to Purohit mithas,T2509301821529010430855,438329391747,DEBIT,Paid by XXXXX0083,30
"Sep 30, 2025",1:38 PM,Paid to RAMESH PATEL,T2509301338373738633041,109944103949,DEBIT,Paid by XXXXX0083,14
"Sep 30, 2025",12:10 PM,Paid to Patil Doctor,T2509301210174571898153,595661895733,DEBIT,Paid by XXXXX0083,200
"Sep 30, 2025",11:01 AM,Paid to IRCTC e ticketing,HDF32688B07128644B49035542D575BC11E,101574831043,DEBIT,Paid by XXXXX0083,127.25
"Sep 29, 2025",7:40 PM,Paid to Patil Doctor,T2509291940211190402076,774836751672,DEBIT,Paid by XXXXX0083,200
"Sep 29, 2025",7:04 PM,Paid to Patil Doctor,T2509291904278204717191,356921217722,DEBIT,Paid by XXXXX0083,500
"Sep 29, 2025",6:14 PM,Paid to MORYA SNACKS CENTRE,T2509291814473337306399,383434818622,DEBIT,Paid by XXXXX0083,29
"Sep 29, 2025",5:34 PM,Paid to Patil Doctor,T2509291734340142781976,51416307870,DEBIT,Paid by XXXXX0083,100
"Sep 29, 2025",5:29 PM,Paid to Dev Kishan Jangid,T2509291729461859469979,602794076914,DEBIT,Paid by XXXXX0083,100
"Sep 29, 2025",1:37 PM,Paid to Krishna General Store,T2509291337133537687919,783964430922,DEBIT,Paid by XXXXX0083,12
"Sep 28, 2025",7:40 PM,Paid to DALA RAM GHANCHI SO BHANWAR LAL GHANCHI,T2509281939569024865449,705851027571,DEBIT,Paid by XXXXX0083,50
"Sep 28, 2025",7:37 PM,Paid to AKSHAY MEDICAL,T2509281937554935240286,897447850718,DEBIT,Paid by XXXXX0083,36
"Sep 28, 2025",7:34 PM,Paid to ROHIT GHADSHI,T2509281934128567007366,408954523478,DEBIT,Paid by XXXXX0083,75
"Sep 27, 2025",9:47 PM,Paid to Laxmi Trading company,T2509272147255332459055,956143847310,DEBIT,Paid by XXXXX0083,60
"Sep 27, 2025",8:33 PM,Paid to PUNE METRO CCA DR WA,T2509272033382561653713,63908196854,DEBIT,Paid by XXXXX0083,21
"Sep 27, 2025",8:26 PM,Paid to KING MOMOSWALA,T2509272026172979495973,19509999634,DEBIT,Paid by XXXXX0083,25
"Sep 27, 2025",8:18 PM,Paid to PRADDY 'S CAFE ,T2509272017523595823250,158984106339,DEBIT,Paid by XXXXX0083,35
"Sep 27, 2025",8:17 PM,Paid to KUNAL GANESH MANDAVKAR,T2509272017164671291984,671129457703,DEBIT,Paid by XXXXX0083,35
"Sep 27, 2025",7:50 PM,Paid to PUNE METRO CCA DR WA,T2509271950100441296349,228809438341,DEBIT,Paid by XXXXX0083,21
"Sep 27, 2025",4:09 PM,Received from Patil Doctor,T2509271609083308699424,445121052288,CREDIT,Credited to XXXXX0083,2600
"Sep 27, 2025",11:17 AM,Paid to RAMESH PATEL,T2509271117145786964658,247897295851,DEBIT,Paid by XXXXX0083,60
"Sep 27, 2025",9:19 AM,Paid to PRASAD POPAT GAIKWAD,T2509270919043455638348,51781338663,DEBIT,Paid by XXXXX0083,270
"Sep 26, 2025",8:45 PM,Paid to DALA RAM GHANCHI SO BHANWAR LAL GHANCHI,T2509262045419044482896,808055253401,DEBIT,Paid by XXXXX0083,10
"Sep 26, 2025",8:42 PM,Paid to Gaurav Bapu Sawant,T2509262042395727430884,856139870893,DEBIT,Paid by XXXXX0083,90
"Sep 26, 2025",8:41 PM,Paid to Manavi Pan Shop ,T2509262041257593368372,589084280009,DEBIT,Paid by XXXXX0083,25
"Sep 25, 2025",1:00 PM,Paid to RAMESH PATEL,T2509251300274310783110,554746501393,DEBIT,Paid by XXXXX0083,26
"Sep 25, 2025",10:17 AM,Paid to RAMESH PATEL,T2509251017471479505952,349339188049,DEBIT,Paid by XXXXX0083,25
"Sep 25, 2025",12:54 AM,Paid to EATCLUB,T2509250054019892077785,441573514491,DEBIT,Paid by XXXXX0083,146
"Sep 24, 2025",4:02 PM,Paid to Siddhivinayka super market,T2509241602105554401805,749308826259,DEBIT,Paid by XXXXX0083,10
"Sep 24, 2025",3:59 PM,Paid to Angara Biryani,T2509241559133889435196,826674632203,DEBIT,Paid by XXXXX0083,110
"Sep 24, 2025",1:18 PM,Paid to Manavi Pan Shop ,T2509241318268083485893,115293065405,DEBIT,Paid by XXXXX0083,45
"Sep 23, 2025",10:21 PM,Paid to ZOMATO LIMITED,T2509232221517566914211,114621375691,DEBIT,Paid by XXXXX0083,131.3
"Sep 23, 2025",12:33 PM,Paid to RAMESH PATEL,T2509231233348520122001,959083999084,DEBIT,Paid by XXXXX0083,45
"Sep 22, 2025",8:43 PM,Paid to Siddhivinayka super market,T2509222043393288480045,372013393297,DEBIT,Paid by XXXXXXXXXX1320,17
"Sep 22, 2025",8:39 PM,Paid to Angara Biryani,T2509222039259171139816,905753669355,DEBIT,Paid by XXXXX0083,110
"Sep 22, 2025",3:01 PM,Paid to VILAS BHASKAR RAUT,T2509221501004221696355,261022243831,DEBIT,Paid by XXXXX0083,72
"Sep 21, 2025",10:23 PM,Received from ANKUSH SANTOSH SOLANKE,T2509212223492856268822,563071316683,CREDIT,Credited to XXXXX0083,100
"Sep 21, 2025",10:00 PM,Paid to Xshitij Mall,T2509212200494495190879,782013710125,DEBIT,Paid by XXXXX0083,500
"Sep 21, 2025",10:00 PM,Transfer to XXXXX0083,T2509212200339206035969,242606521337,DEBIT,Paid by XXXXXXXXXX1320,250
"Sep 21, 2025",9:59 PM,Received from KSHITIJ MALL,T2509212159206140211919,389668111100,CREDIT,Credited to XXXXXXXXXX1320,180
"Sep 21, 2025",9:09 PM,Paid to SHAIK JAbIR HUSSAIN,T2509212109096552064435,577155472734,DEBIT,Paid by XXXXX0083,40
"Sep 21, 2025",7:51 PM,Paid to Kalpana Indrajit Mokate,T2509211951107309298646,875119552159,DEBIT,Paid by XXXXX0083,14
"Sep 21, 2025",7:47 PM,Paid to Gaurav Bapu Sawant,T2509211947251973468928,958978402073,DEBIT,Paid by XXXXX0083,90
"Sep 21, 2025",4:28 PM,Paid to MORYA SNACKS CENTRE,T2509211628096248326959,552942264483,DEBIT,Paid by XXXXX0083,25
"Sep 21, 2025",12:45 PM,Paid to DALA RAM GHANCHI SO BHANWAR LAL GHANCHI,T2509211245489997975995,834538449663,DEBIT,Paid by XXXXX0083,63
"Sep 20, 2025",11:08 PM,Received from KSHITIJ MALL,T2509202308051487734471,690983545688,CREDIT,Credited to XXXXXXXXXX1320,70
"Sep 20, 2025",9:27 PM,Paid to EATCLUB,T2509202127286186347859,155739023027,DEBIT,Paid by XXXXX0083,103
"Sep 20, 2025",12:54 PM,Paid to Purohit mithas,T2509201254283515039257,165755586520,DEBIT,Paid by XXXXX0083,50
"Sep 20, 2025",9:20 AM,Paid to RAMESH PATEL,T2509200920170515063440,380009950923,DEBIT,Paid by XXXXX0083,12
"Sep 19, 2025",11:05 PM,Received from PRASAD POPAT GAIKWAD,T2509192305284356505194,562894050895,CREDIT,Credited to XXXXXXXXXX1320,110
"Sep 19, 2025",11:04 PM,Paid to EATCLUB,T2509192304496312356085,994908766958,DEBIT,Paid by XXXXX0083,220
"Sep 19, 2025",4:31 PM,Paid to NAEEMAHMAD NASIMAHMAD ANSARI,T2509191631224610952550,148415526223,DEBIT,Paid by XXXXX0083,40
"Sep 19, 2025",4:28 PM,Paid to VILAS BHASKAR RAUT,T2509191627561331855165,126801534084,DEBIT,Paid by XXXXX0083,85
"Sep 19, 2025",3:42 PM,Paid to RAMESH PATEL,T2509191542065761373879,987426697810,DEBIT,Paid by XXXXX0083,2
"Sep 18, 2025",10:04 PM,Paid to A1 Vadapav Centre 2,T2509182204398473627845,256535451145,DEBIT,Paid by XXXXX0083,20
"Sep 18, 2025",7:55 PM,Paid to Kalpana Indrajit Mokate,T2509181955525136937164,846343709852,DEBIT,Paid by XXXXX0083,14
"Sep 18, 2025",7:42 PM,Paid to Xshitij Mall,T2509181942478829334721,624747696322,DEBIT,Paid by XXXXX0083,200
"Sep 18, 2025",4:36 PM,Paid to DALA RAM GHANCHI SO BHANWAR LAL GHANCHI,T2509181635254184965457,35238226726,DEBIT,Paid by XXXXXXXXXX1320,100
"Sep 18, 2025",4:32 PM,Received from PRASAD POPAT GAIKWAD,T2509181632476359478002,526148453403,CREDIT,Credited to XXXXXXXXXX1320,100
"Sep 18, 2025",4:22 PM,Paid to ZOMATO LIMITED,T2509181621541518218855,847621320878,DEBIT,Paid by XXXXX0083,122.58
"Sep 18, 2025",12:27 PM,Paid to Harikrishnan FC,T2509181227058487646256,998332127607,DEBIT,Paid by XXXXX0083,30
"Sep 18, 2025",10:39 AM,Paid to SANJEEVANI MEDICALS AND GENERAL STORES,T2509181039526437105162,461048671017,DEBIT,Paid by XXXXX0083,20
"Sep 17, 2025",9:48 PM,Paid to EATCLUB,T2509172148267231702858,992537755438,DEBIT,Paid by XXXXX0083,75
"Sep 17, 2025",9:48 PM,Received from PRASAD POPAT GAIKWAD,T2509172148036572177535,526088105696,CREDIT,Credited to XXXXX0083,35
"Sep 17, 2025",8:58 PM,Received from PRASAD POPAT GAIKWAD,T2509172058486764846677,526090625965,CREDIT,Credited to XXXXX0083,91
"Sep 17, 2025",8:57 PM,Paid to EATCLUB,T2509172057324763235681,384755697810,DEBIT,Paid by XXXXX0083,62
"Sep 17, 2025",7:05 PM,Paid to Laxmi Trading company,T2509171905094223269148,527521226604,DEBIT,Paid by XXXXX0083,60
"Sep 17, 2025",5:57 PM,Received from PRASAD POPAT GAIKWAD,T2509171757099504034868,562677370321,CREDIT,Credited to XXXXX0083,30
"Sep 17, 2025",5:10 PM,Paid to PRASAD POPAT GAIKWAD,T2509171710180196391897,490151146230,DEBIT,Paid by XXXXX0083,41
"Sep 17, 2025",5:03 PM,Received from KSHITIJ MALL,T2509171703321487266176,526017732943,CREDIT,Credited to XXXXX0083,550
"Sep 17, 2025",5:02 PM,Paid to EATCLUB,T2509171702230341138746,26583681750,DEBIT,Paid by XXXXX0083,330
"Sep 17, 2025",4:29 PM,Paid to Harikrishnan FC,T2509171629266199170492,488394046499,DEBIT,Paid by XXXXX0083,15
"Sep 17, 2025",2:48 PM,Paid to VILAS BHASKAR RAUT,T2509171448289637974632,969035086725,DEBIT,Paid by XXXXX0083,15
"Sep 17, 2025",2:31 PM,Paid to 2 Durga Snacks ,T2509171430594893435441,884354898156,DEBIT,Paid by XXXXX0083,430
"Sep 17, 2025",11:25 AM,Paid to KATCH PRINTERS AND COPIEAR,T2509171125487656422830,465607190305,DEBIT,Paid by XXXXX0083,12
"Sep 17, 2025",11:02 AM,Paid to SANGEETA DATTA NALAWADE,T2509171102547559263205,915394811595,DEBIT,Paid by XXXXX0083,27
"Sep 17, 2025",10:12 AM,Paid to Ashraf Ali,T2509171012207903474587,683920220166,DEBIT,Paid by XXXXX0083,25
"Sep 16, 2025",8:50 PM,Paid to Dominos Pizza,T2509162050160425716954,164754338423,DEBIT,Paid by XXXXXXXXXX1320,207.45
"Sep 16, 2025",8:46 PM,Received from KSHITIJ MALL,T2509162046158818795841,690771425647,CREDIT,Credited to XXXXXXXXXX1320,207
"Sep 16, 2025",8:29 PM,Paid to Xshitij Mall,T2509162029115835730066,788716433170,DEBIT,Paid by XXXXX0083,118
"Sep 16, 2025",6:58 PM,Paid to Xshitij Mall,T2509161858267554125869,121628269760,DEBIT,Paid by XXXXX0083,15
"Sep 16, 2025",3:42 PM,Paid to Kalpana Indrajit Mokate,T2509161542255659620050,795452484038,DEBIT,Paid by XXXXX0083,60
"Sep 15, 2025",7:26 PM,Received from Mr Chaitnya Santosh Kapote,T2509151926505411956855,690714295436,CREDIT,Credited to XXXXX0083,500
"Sep 15, 2025",3:29 PM,Paid to Xshitij Mall,T2509151529288905914304,35838761779,DEBIT,Paid by XXXXX0083,145
"Sep 15, 2025",1:25 PM,Paid to Xshitij Mall,T2509151325518454410671,821930484211,DEBIT,Paid by XXXXX0083,300
"Sep 15, 2025",1:20 PM,Paid to Airtel,T2509151320324368895212,265496339519,DEBIT,Paid by XXXXX0083,299
"Sep 15, 2025",12:52 PM,Received from Manthan Murmure,T2509151252405758055018,512221557369,CREDIT,Credited to XXXXX0083,300
"Sep 15, 2025",10:54 AM,Paid to Maharashtra State Road Transport Corporation,T2509151054178485852393,806592089949,DEBIT,Paid by XXXXX0083,496
"Sep 14, 2025",11:13 PM,Paid to Xshitij Mall,T2509142313540432000045,554921752861,DEBIT,Paid by XXXXX0083,73
"Sep 14, 2025",7:53 PM,Paid to DALA RAM GHANCHI SO BHANWAR LAL GHANCHI,T2509141953411836642303,171202912023,DEBIT,Paid by XXXXX0083,40
"Sep 14, 2025",7:42 PM,Paid to Gaurav Bapu Sawant,T2509141942030400247860,202771366690,DEBIT,Paid by XXXXX0083,50
"Sep 14, 2025",7:40 PM,Paid to Gaurav Bapu Sawant,T2509141940503377777824,177423132512,DEBIT,Paid by XXXXX0083,180
"Sep 14, 2025",7:33 PM,Received from PRASAD POPAT GAIKWAD,T2509141933086416618678,562319122660,CREDIT,Credited to XXXXX0083,50
"Sep 14, 2025",7:29 PM,Received from PRASAD POPAT GAIKWAD,T2509141929268482079586,562354121748,CREDIT,Credited to XXXXX0083,90
"Sep 14, 2025",5:06 PM,Paid to TIKONA DAIRY,T2509141706158880866214,166122745439,DEBIT,Paid by XXXXX0083,13
"Sep 14, 2025",11:11 AM,Payment to Crescere Technologies Pvt Ltd,OLEX2509141111432930533618,525709538139,DEBIT,Paid by XXXXX0083,1
"Sep 14, 2025",1:44 AM,Received from Mr VEDANT ANIL GAIKWAD,T2509140144246309271622,525778670751,CREDIT,Credited to XXXXX0083,680
"Sep 13, 2025",11:10 PM,Paid to Xshitij Mall,T2509132310084802665309,434103513625,DEBIT,Paid by XXXXX0083,84
"Sep 13, 2025",10:09 PM,Paid to IRCTC CF,HDF19B858DF192B48D3BF4179CD74C0D38D,101455953131,DEBIT,Paid by XXXXX0083,679.05
"Sep 13, 2025",7:13 PM,Paid to PRASAD POPAT GAIKWAD,T2509131913137617026569,101245218799,DEBIT,Paid by XXXXX0083,32
"Sep 13, 2025",6:56 PM,Paid to A1 Vadapav Centre 2,T2509131856249321308134,856102145102,DEBIT,Paid by XXXXX0083,100
"Sep 13, 2025",6:56 PM,Received from PRASAD POPAT GAIKWAD,T2509131856074677008488,525696903459,CREDIT,Credited to XXXXX0083,40
"Sep 13, 2025",12:40 AM,Received from PRASAD POPAT GAIKWAD,T2509130040389766682964,562205042296,CREDIT,Credited to XXXXX0083,190
"Sep 13, 2025",12:39 AM,Paid to Dominos,T2509130039421836682886,553018173872,DEBIT,Paid by XXXXX0083,220.05
"Sep 12, 2025",8:47 PM,Paid to Laxmi Trading company,T2509122047228363772062,354631411443,DEBIT,Paid by XXXXX0083,60
"Sep 12, 2025",4:24 PM,Paid to Aadesh Harishchandra Rave,T2509121624298662801629,183364234843,DEBIT,Paid by XXXXX0083,350
"Sep 12, 2025",12:26 PM,Paid to VILAS BHASKAR RAUT,T2509121226185600606293,739481361928,DEBIT,Paid by XXXXX0083,102
"Sep 11, 2025",7:40 PM,Paid to Gaurav Bapu Sawant,T2509111939591068069398,196275419238,DEBIT,Paid by XXXXX0083,90
"Sep 10, 2025",9:27 PM,Received from Vedant FC,T2509102126598089851760,102727286072,CREDIT,Credited to XXXXX0083,200
"Sep 10, 2025",8:56 PM,Paid to Vedant FC,T2509102056029195823885,791505835868,DEBIT,Paid by XXXXX0083,320
"Sep 10, 2025",7:18 PM,Paid to PUNE METRO CCA DR WA,T2509101918545375053368,867552867843,DEBIT,Paid by XXXXX0083,9
"Sep 10, 2025",6:47 PM,Received from KSHITIJ MALL,T2509101847377357049584,690449972937,CREDIT,Credited to XXXXXXXXXX1320,220
"Sep 10, 2025",5:55 PM,Paid to VILAS BHASKAR RAUT,T2509101755132546870995,533696602400,DEBIT,Paid by XXXXXXXXXX1320,65
"Sep 10, 2025",4:49 PM,Paid to Xshitij Mall,T2509101649290708061761,481700995189,DEBIT,Paid by XXXXXXXXXX1320,350
"Sep 10, 2025",3:25 PM,Paid to Patil Doctor,T2509101525245333894973,779851248418,DEBIT,Paid by XXXXX0083,500
"Sep 10, 2025",4:13 AM,Paid to Xshitij Mall,T2509100413228079022207,89941719157,DEBIT,Paid by XXXXX0083,110
"Sep 09, 2025",10:29 PM,Paid to Gaurav Bapu Sawant,T2509092229521030937004,337126728365,DEBIT,Paid by XXXXX0083,80
"Sep 09, 2025",6:40 PM,Paid to TIKONA DAIRY,T2509091840374212864550,922108710239,DEBIT,Paid by XXXXX0083,5
"Sep 09, 2025",6:39 PM,Paid to TIKONA DAIRY,T2509091838574581993813,856740769581,DEBIT,Paid by XXXXX0083,25
"Sep 09, 2025",6:36 PM,Paid to Subhash Bhau Pasalkar,T2509091836212126508561,464625461338,DEBIT,Paid by XXXXX0083,20
"Sep 09, 2025",4:21 PM,Paid to SUVIDHA SERVICES,T2509091621085227354245,806235874269,DEBIT,Paid by XXXXX0083,4
"Sep 08, 2025",9:13 PM,Paid to Kalpana Indrajit Mokate,T2509082113290419945359,664061991191,DEBIT,Paid by XXXXX0083,28
"Sep 08, 2025",7:12 PM,Electricity bill paid 160268640166,NB25090819124582687346672,970329469722,DEBIT,Paid by XXXXX0083,200
"Sep 08, 2025",7:12 PM,Paid to Vijay Kumbare,T2509081911593985810359,889258433941,DEBIT,Paid by XXXXX0083,8500
"Sep 08, 2025",12:48 PM,Received from Patil Doctor,T2509081248344713918472,431796933759,CREDIT,Credited to XXXXX0083,1000
"Sep 08, 2025",9:52 AM,Paid to CHAUTHI,T2509080951579083061029,739332198317,DEBIT,Paid by XXXXX0083,30
"Sep 07, 2025",10:10 PM,Paid to KSHITIJ MALL,T2509072210234890519881,298507452704,DEBIT,Paid by XXXXX0083,69
"Sep 07, 2025",9:10 PM,Paid to PATIL PAV BHAJI,T2509072110390921516760,669440193975,DEBIT,Paid by XXXXX0083,80
"Sep 07, 2025",7:02 PM,Received from PRASAD POPAT GAIKWAD,T2509071902351608700987,525040409587,CREDIT,Credited to XXXXX0083,2900
"Sep 07, 2025",4:33 PM,Paid to Prerna Thakur Ubhrani,T2509071633334635657433,506735453154,DEBIT,Paid by XXXXX0083,300
"Sep 07, 2025",3:41 PM,Paid to RAJDHANI,T2509071541284244167089,572100418026,DEBIT,Paid by XXXXX0083,110
"Sep 06, 2025",10:13 PM,Paid to PRASAD POPAT GAIKWAD,T2509062213206448290038,282402313647,DEBIT,Paid by XXXXX0083,13
"Sep 06, 2025",10:12 PM,Paid to PRASAD POPAT GAIKWAD,T2509062212409387933427,471169807043,DEBIT,Paid by XXXXX0083,200
"Sep 06, 2025",12:16 PM,Received from Mommy,T2509061216027885782027,603000367934,CREDIT,Credited to XXXXX0083,9000
"Sep 06, 2025",12:28 AM,Paid to PRASAD POPAT GAIKWAD,T2509060028277599991231,998220455373,DEBIT,Paid by XXXXX0083,40
,,,,,,,
This is an automatically generated statement. Customer(s) are requested to immediately notify PhonePe in case,,,,,,,
of any errors in the statement at https://support.phonepe.com/statement and visit https://www.phonepe.com/,,,,,,,
terms-conditions/ for PhonePe Terms & Conditions and Privacy Policy.,,,,,,,
,,,,,,,
Disclaimer : Do not fall prey to fictitious offers of winning prizes,money circulation schemes and cheap funds,,,,,,
etc. through SMS,emails and calls. The contents of this email and document are confidential and intended for,,,,,,
the recipient specified in this document. If you received this message by mistake,please inform PhonePe at,,,,,,
https://support.phonepe.com/statement so that we can ensure the recipient's details are corrected.,,,,,,,